0 Alta Rd #apn-00, San Diego, CA 92154	32.569212	-116.89966
0 Alta Rd #apn-00, San Diego, CA 92154	32.57703	-116.920255
0 Aviation Dr Lot 149, San Diego, CA 92114	32.703899	-117.054147
0 Dillons Trl, San Diego, CA 92154	32.558887	-117.015258
0 E St, San Diego, CA 92102	32.714875	-117.130822
0 Grossmont Blvd, La Mesa, CA 91941	32.77602	-116.996548
0 Highland Ave, San Diego, CA 92105	32.738706	-117.099163
0 Newell St, San Diego, CA 92106	32.73124	-117.227629
0 No Address Yet, San Diego, CA 92154		
0 No Name Rd, San Diego, CA 92154	32.560738	-117.00089
0 Oleander, San Diego, CA 92154		
0 Ruette Nice, La Jolla, CA 92037	32.863777	-117.248886
0 Ruette Nice Lot 37, La Jolla, CA 92037	32.863777	-117.248886
0 Ruette Nice Lot Par #2, La Jolla, CA 92037		
0 Ruette Nicole, La Jolla, CA 92037	32.862088	-117.248564
0 Ruette Nicole Lot 23c, La Jolla, CA 92037	32.862088	-117.248564
0 Sutter St Lot 1, San Diego, CA 92103	32.747728	-117.178916
0 Unnamed Rd, San Diego, CA 92154	32.57376	-117.051
1000 Eastside Rd, El Cajon, CA 92020	32.808424	-116.983725
10026 Maya Linda Rd Unit 6105, San Diego, CA 92126	32.901719	-117.12083
10159 Pinecastle St, San Diego, CA 92131	32.905917	-117.060982
10166 Camino Ruiz Unit 32, San Diego, CA 92126	32.902158	-117.145389
101 Market St Unit 102, San Diego, CA 92101	32.71092	-117.163308
10218 Black Mountain Rd Apt 60, San Diego, CA 92126	32.90392	-117.124958
1021 Scott St Apt 124, San Diego, CA 92106	32.719664	-117.231015
1021 Scott St Apt 133, San Diego, CA 92106	32.719664	-117.231015
1021 Scott St Apt 138, San Diego, CA 92106	32.719664	-117.231015
1021 Scott St Apt 205, San Diego, CA 92106	32.719664	-117.231015
10223 Caminito Pitaya, San Diego, CA 92131	32.897044	-117.106243
10226 Black Mountain Rd Apt 80, San Diego, CA 92126	32.90392	-117.124958
10240 Black Mountain Rd Apt 107, San Diego, CA 92126	32.90392	-117.124958
10248 Maya Linda Rd Apt 37, San Diego, CA 92126	32.904172	-117.117389
10250 Mirabel Ln, San Diego, CA 92124	32.830326	-117.108561
10261 Black Mountain Rd Unit K6, San Diego, CA 92126	32.904257	-117.123389
10264 Maya Linda Rd Apt 46, San Diego, CA 92126	32.904172	-117.117389
10265 Rue Chamonix, San Diego, CA 92131	32.903523	-117.064856
10295 Drumcliff Ave, San Diego, CA 92126	32.905237	-117.141719
1030 Quail St, San Diego, CA 92102	32.716586	-117.109772
1030 Sicard St, San Diego, CA 92113	32.695647	-117.139127
10357 Azuaga St Unit 204, San Diego, CA 92129	32.961027	-117.099825
10384 Barrywood Way, San Diego, CA 92131	32.910804	-117.070098
10391 Glenellen Ln, San Diego, CA 92126	32.906565	-117.127729
10400 Caminito Cuervo Unit 252, San Diego, CA 92108	32.786557	-117.111032
10435 Brooktree Ter, San Diego, CA 92131	32.910058	-117.093524
10450 Rue Du Nuage, San Diego, CA 92131	32.9136	-117.079154
10462 Harlow Cir #17, San Diego, CA 92108		
10472 San Diego Mission Rd #14, San Diego, CA 92108	32.785055	-117.110833
10472 San Diego Mission Rd #15, San Diego, CA 92108	32.78591	-117.111651
10482 San Diego Mission Rd #10, San Diego, CA 92108	32.785556	-117.111658
10482 San Diego Mission Rd #7, San Diego, CA 92108	32.785448	-117.111304
10482 San Diego Mission Rd #8, San Diego, CA 92108	32.78546	-117.111406
10492 San Diego Mission Rd #2, San Diego, CA 92108	32.785756	-117.111237
10492 San Diego Mission Rd #3, San Diego, CA 92108	32.78529	-117.110821
10492 San Diego Mission Rd #4, San Diego, CA 92108	32.785335	-117.110928
10492 San Diego Mission Rd #5, San Diego, CA 92108	32.785384	-117.111041
1050-1060 Scott St, San Diego, CA 92106	32.720537	-117.231441
10504 Corte Jardin Del Mar, San Diego, CA 92130	32.911192	-117.217856
10557 Westonhill Dr, San Diego, CA 92126	32.910533	-117.13441
1059 Alexandria Dr, San Diego, CA 92107	32.726019	-117.248604
10636 Rookwood Dr, San Diego, CA 92131	32.903886	-117.102818
1066-1068 Emerald St, San Diego, CA 92109	32.799628	-117.25128
10671 Eglantine Ct, San Diego, CA 92131	32.932702	-117.09841
10674 Eglantine Ct, San Diego, CA 92131	32.933138	-117.098229
10675 Red Cedar Dr, San Diego, CA 92131	32.910944	-117.099362
10685 Wexford St Unit 2, San Diego, CA 92131	32.938229	-117.097774
10693 Weatherhill Ct, San Diego, CA 92131	32.9255	-117.098171
10756 Cherry Hill Dr, San Diego, CA 92130	32.929392	-117.206241
10770 Black Mountain Rd Space 265, San Diego, CA 92126	32.914914	-117.125793
10771 Black Mountain Rd Space 100, San Diego, CA 92126	32.915985	-117.123002
10771 Black Mountain Rd Space 88, San Diego, CA 92126	32.915985	-117.123002
1077 Parsons Lndg, San Diego, CA 92154	32.578894	-117.018904
10805 Corte Playa Majorca, San Diego, CA 92124	32.836934	-117.09505
10856 Ivy Hill Dr Unit 6, San Diego, CA 92131	32.937939	-117.096002
10872 Sabre Hill Dr Unit 285, San Diego, CA 92128	32.953834	-117.100433
10906 Jericho Way, San Diego, CA 92129	32.974899	-117.091
10908 Paseo Montanoso, San Diego, CA 92127	32.9989	-117.093302
10919 Via Banco, San Diego, CA 92126	32.917122	-117.136626
10940 Ivy Hill Dr Unit 6, San Diego, CA 92131	32.937382	-117.093285
10941 Waterton Rd, San Diego, CA 92131	32.929024	-117.093149
10964 Ivy Hill Dr Unit 5, San Diego, CA 92131	32.937196	-117.092618
1098 Leroy St, San Diego, CA 92106	32.722592	-117.236283
11001 Kika Ct, San Diego, CA 92129	32.939582	-117.114461
1103-17 33rd St, San Diego, CA 92102	32.717244	-117.122954
11040 Polaris Dr, San Diego, CA 92126	32.92147	-117.131749
11074 Portobelo Dr, San Diego, CA 92124	32.841036	-117.08804
1110 Oliver Ave, San Diego, CA 92109	32.793356	-117.248294
11111 Ice Skate Pl, San Diego, CA 92126	32.922986	-117.121364
11156 Kelowna Rd Unit 56, San Diego, CA 92126	32.925566	-117.141704
11180 Paseo Montanoso, San Diego, CA 92127	32.998151	-117.088511
11189 Kelowna Rd Apt 51, San Diego, CA 92126	32.926792	-117.140266
11214 Linares St, San Diego, CA 92129	32.992431	-117.094278
11255 Tierrasanta Blvd Unit 70, San Diego, CA 92124	32.813816	-117.085839
11255 Tierrasanta Blvd Unit 93, San Diego, CA 92124	32.813816	-117.085839
1125 Camino Regalado, San Diego, CA 92154	32.576628	-117.066371
1125 Via Las Cumbres, San Diego, CA 92111	32.767829	-117.181193
1126 Catalina Blvd, San Diego, CA 92107	32.726787	-117.244618
11275 Affinity Ct Unit 118, San Diego, CA 92131	32.924242	-117.110739
1127 D Ave Apt D, National City, CA 91950	32.674081	-117.10131
112 Las Flores St, San Diego, CA 92114	32.704338	-117.075471
11310 Markab Dr, San Diego, CA 92126	32.930853	-117.140753
11311 Monticook Ct, San Diego, CA 92127	33.041137	-117.086461
11325 Miro Cir, San Diego, CA 92131	32.920116	-117.108729
11347 Merritage Ct, San Diego, CA 92131	32.922637	-117.050075
1135 Pyramid St, San Diego, CA 92114	32.716898	-117.070444
113 65th St, San Diego, CA 92114	32.703898	-117.057773
1137 S 41st St Unit 22, San Diego, CA 92113	32.694685	-117.105837
11432 Miro Cir, San Diego, CA 92131	32.918754	-117.108498
11468 Alcalde Ct, San Diego, CA 92127	33.040796	-117.07929
1148 Cotton St, San Diego, CA 92102	32.717695	-117.094986
1150 Anchorage Ln Unit 314, San Diego, CA 92106	32.72046	-117.229132
1150 Tangelos Pl, Lemon Grove, CA 91945	32.715871	-117.049074
11533 Big Canyon Ln, San Diego, CA 92131	32.928182	-117.014242
11542 Madera Rosa Way, San Diego, CA 92124	32.813671	-117.079626
1154 Armacost Rd, San Diego, CA 92114	32.717852	-117.038298
1155 Crystal Cv, San Diego, CA 92154	32.577689	-117.020794
11569 Cypress Canyon Park Dr, San Diego, CA 92131	32.929049	-117.06756
11605 Hotel Cir S #b115, San Diego, CA 92108	32.759278	-117.167404
11630 Caminito Corriente, San Diego, CA 92128	32.998548	-117.074269
1164-1168 Turquoise St, San Diego, CA 92109	32.809278	-117.256233
11735 Fidelio Ct, San Diego, CA 92131	32.931576	-117.068673
118 28th St, San Diego, CA 92102	32.706825	-117.134026
11838 Paseo Lucido Unit 52, San Diego, CA 92128	33.015102	-117.07531
11870 Caminito Ronaldo Unit 139, San Diego, CA 92128	33.033565	-117.075971
11911 Calle Vivienda, San Diego, CA 92128	33.004756	-117.078002
12005 World Trade Dr Unit 4, San Diego, CA 92128	32.980385	-117.074339
12007 Alta Carmel Ct Unit 334, San Diego, CA 92128	32.992528	-117.072859
1210 Bush St, San Diego, CA 92103	32.747608	-117.174308
12132 Royal Birkdale Row Unit 405, San Diego, CA 92128	33.001441	-117.071368
1213 Thalia St, San Diego, CA 92154	32.574359	-117.097668
121 Orange Ave Space 120, Chula Vista, CA 91911	32.598581	-117.056852
121 Orange Ave Space 122, Chula Vista, CA 91911	32.598581	-117.056852
1225 Island Ave Unit 303, San Diego, CA 92101	32.710025	-117.153418
12272 Escala Dr, San Diego, CA 92128	33.043185	-117.068951
12284 Semillon Blvd, San Diego, CA 92131	32.914665	-117.06755
12289 Bajada Rd, San Diego, CA 92128	33.02984	-117.07095
1230-1232 13th St, Imperial Beach, CA 91932	32.57409	-117.105875
12312 Paseo Lucido Apt D, San Diego, CA 92128	33.008423	-117.06805
12338 Oliva Rd, San Diego, CA 92128	33.007754	-117.06357
12358 Carmel Country Rd Unit 101, San Diego, CA 92130	32.948027	-117.228654
1236 25th St, San Diego, CA 92102	32.718622	-117.140618
12393 Conquistador Way, San Diego, CA 92128	33.025165	-117.062794
123 Walnut Dr, Chula Vista, CA 91911	32.598081	-117.045091
12404 Paseo Lucido Apt 162, San Diego, CA 92128	33.005566	-117.06435
1240 India St Unit 706, San Diego, CA 92101	32.718587	-117.168424
12455 San Bruno Cv, San Diego, CA 92130	32.944663	-117.226424
12463 Bodega Way, San Diego, CA 92128	33.03294	-117.06129
12468 Creekview Dr, San Diego, CA 92128	32.945093	-117.090447
124 S Drexel Ave, National City, CA 91950	32.689424	-117.080261
1250 Cleveland Ave #115-c, San Diego, CA 92103	32.749526	-117.153003
12519 Glenoak Rd, Poway, CA 92064	32.973433	-117.059058
12530 Carmel Creek Rd #8-134, San Diego, CA 92130	32.943756	-117.23139
12556 Pomerado Ct, San Diego, CA 92128	33.022495	-117.059547
1255 Cypress Ave, Imperial Beach, CA 91932	32.587059	-117.105968
1255 Sea Bird Way, San Diego, CA 92154	32.575814	-117.030591
12606 Camino Emparrado, San Diego, CA 92128	33.039668	-117.058737
12642 Elisa Ln Unit 186, San Diego, CA 92128	32.948245	-117.094878
12665 Camino Mira Del Mar, San Diego, CA 92130	32.944138	-117.231059
12670 Calma Ct, San Diego, CA 92128	33.018996	-117.057194
12695 Camino Mira Del Mar Unit 113, San Diego, CA 92130	32.944138	-117.231059
126 W Brookes Ave, San Diego, CA 92103	32.743508	-117.164632
1270 Cleveland Ave Unit A232, San Diego, CA 92103	32.750484	-117.152264
1270 Cleveland Ave Unit B138, San Diego, CA 92103	32.750484	-117.152264
12752 Roberto Way, Poway, CA 92064	32.990609	-117.054007
12806 Via Moura, San Diego, CA 92128	33.040469	-117.050713
12857 Caminito Del Canto, Del Mar, CA 92014	32.935268	-117.25406
12879 Via Moura, San Diego, CA 92128	33.039852	-117.04947
12909 Camino Del Valle, Poway, CA 92064	33.013632	-117.053
12911 Via Latina, Del Mar, CA 92014	32.934396	-117.247611
13014 Texana St, San Diego, CA 92129	32.952579	-117.135377
13023 Decant Dr, Poway, CA 92064	33.025863	-117.046764
13055 Calle De Los Ninos, San Diego, CA 92129	32.954932	-117.106921
13069 Evening Creek Dr S Unit 56, San Diego, CA 92128	32.954107	-117.097528
13073 Shalimar Pl, Del Mar, CA 92014	32.937829	-117.243727
13137 Bella Rosa Rd, San Diego, CA 92131	32.921619	-117.049468
13146 Sunset Point Way, San Diego, CA 92130	32.956479	-117.214164
1321 2nd Ave, Chula Vista, CA 91911	32.607138	-117.061777
13252 Salmon River Rd Unit 101, San Diego, CA 92129	32.957423	-117.121541
13259 Wimberly Sq Unit 255, San Diego, CA 92128	32.958166	-117.09403
1325 Pacific Hwy Unit 3204, San Diego, CA 92101	32.719262	-117.170516
1325 S 45th St Lot 66, San Diego, CA 92113	32.692739	-117.097444
13263 Rancho Penasquitos Blvd Unit K103, San Diego, CA 92129	32.957366	-117.11109
1327 Holly Ave, Imperial Beach, CA 91932	32.571357	-117.105053
13283 Rancho Penasquitos Blvd Unit J108, San Diego, CA 92129	32.957534	-117.110345
13299 Caminito Mendiola, San Diego, CA 92130	32.959389	-117.17721
13328 Caminito Ciera Unit 13, San Diego, CA 92129	32.96056	-117.104043
13329 Caminito Ciera Unit 72, San Diego, CA 92129	32.961081	-117.102723
13371 Summit Cir, Poway, CA 92064	32.996487	-117.044789
13400 Mountainside Dr, Poway, CA 92064	32.958599	-117.058572
13432 Carriage Rd, Poway, CA 92064	32.959919	-117.054423
13494 Moonflower Meadows Trl, San Diego, CA 92130	32.963033	-117.193435
13542 Longfellow Ln, San Diego, CA 92129	32.959822	-117.118908
13554 Rancho Del Azaleas Way, San Diego, CA 92130	32.964475	-117.178556
13683 Essence Rd, San Diego, CA 92128	32.969023	-117.067697
1369 S Judson Way, Chula Vista, CA 91911	32.60929	-117.048556
13725 Stoney Gate Pl, San Diego, CA 92128	32.967103	-117.085266
13738 Bassmore Dr, San Diego, CA 92129	32.965854	-117.113956
1375 Caminito Gabaldon Unit H, San Diego, CA 92108	32.772356	-117.151321
1380 Knoxville St, San Diego, CA 92110	32.774482	-117.202956
1381 Palm Ave Space 36, San Diego, CA 92154	32.583021	-117.102933
1381 Palm Ave Space 40, San Diego, CA 92154	32.583021	-117.102933
13828 Torrey Bella Ct, San Diego, CA 92129	32.96897	-117.145815
1398 Lieta St, San Diego, CA 92110	32.777408	-117.207057
13990 Rancho Solana Trl, San Diego, CA 92130	32.970784	-117.210867
1403 Morenci St, San Diego, CA 92110	32.776431	-117.20548
14050 Rancho Vista Bnd, San Diego, CA 92130	32.971457	-117.216902
14092 Chicarita Creek Rd, San Diego, CA 92128	32.974883	-117.087934
14112 Halper Rd, Poway, CA 92064	32.97035	-117.06341
14137 Brent Wilsey Pl Unit 1, San Diego, CA 92128	32.97735	-117.0715
14204 Marianopolis Way, San Diego, CA 92129	32.974237	-117.126576
14321 Salida Del Sol, San Diego, CA 92127	32.979574	-117.156225
1435 Antoine Dr, San Diego, CA 92139	32.68871	-117.027195
14465 Old Creek Rd, San Diego, CA 92131	32.924179	-117.028562
1449 Edgemont St, San Diego, CA 92102	32.721128	-117.126235
1450 Iris Ave Unit 28, Imperial Beach, CA 91932	32.56945	-117.102487
1460 Paseo Aurora, San Diego, CA 92154	32.571576	-117.038499
14625 Yukon St, San Diego, CA 92129	32.980888	-117.094082
14660 Via Fiesta Unit 3, San Diego, CA 92127	32.990387	-117.164508
14688 Via Fiesta Unit 4, San Diego, CA 92127	32.990595	-117.163892
14733 Caminito Orense Este, San Diego, CA 92129	32.982256	-117.088915
14798 Brookstone Dr, Poway, CA 92064	32.98276	-117.056419
14813 Morningside Dr, Poway, CA 92064	32.983387	-117.06372
1489 Judson Way, Chula Vista, CA 91911	32.604847	-117.046887
149 4th Ave Unit 19, Chula Vista, CA 91910	32.645507	-117.085404
1501-1505 Robinson Ave, San Diego, CA 92103	32.746279	-117.149986
1501 Front St Unit 413, San Diego, CA 92101	32.721431	-117.164306
1505 Thermal Ave, San Diego, CA 92154	32.56895	-117.09683
15080 Almond Orchard Ln, San Diego, CA 92131	32.922409	-117.022814
15132 Lincoln Loop, San Diego, CA 92127	33.018287	-117.126135
15165 Maple Grove Ln, San Diego, CA 92131	32.921557	-117.020805
1522 Alcala Pl, San Diego, CA 92111	32.775678	-117.176322
1548 Cushman Ave, San Diego, CA 92110	32.773002	-117.195049
1551 4th Ave Unit 407, San Diego, CA 92101	32.721655	-117.160823
1560 Crespo Dr, La Jolla, CA 92037	32.844351	-117.265027
15636 Via Montecristo, San Diego, CA 92127	33.020162	-117.145639
15671 Via Santa Pradera, San Diego, CA 92131	32.932111	-117.012276
1575 Locust St, San Diego, CA 92106	32.7277	-117.227849
15768 Via Santa Pradera, San Diego, CA 92131	32.931326	-117.009052
15776 Boulder Mountain Rd, Poway, CA 92064	33.000321	-117.043642
15795 Bacara Ct, San Diego, CA 92131	32.925398	-117.007978
15876 Windrose Way, San Diego, CA 92127	33.0062	-117.089175
1590 Smythe Ave, San Ysidro, CA 92173	32.565953	-117.051811
1591 Sunset Cliffs Blvd, San Diego, CA 92107	32.739406	-117.251869
1605 Hotel Cir #b114, San Diego, CA 92108	32.757866	-117.178491
1605 Pentecost Way Unit 5, San Diego, CA 92105	32.722702	-117.081382
1611 Hotel Cir S #111, San Diego, CA 92108	32.757866	-117.178491
16135 Rimstone Ln, San Diego, CA 92127	33.008178	-117.08736
1615 Pentecost Way Unit 7, San Diego, CA 92105	32.721749	-117.082437
1621 Hotel Cir S #unit E128, San Diego, CA 92108	32.757866	-117.178492
1623 Pentecost Way Unit 2, San Diego, CA 92105	32.722901	-117.081393
1624 Cypress Ave Apt 7b, San Diego, CA 92103	32.744656	-117.148455
16256 Avenida Venusto Unit A, San Diego, CA 92128	33.009822	-117.075797
1625 Hotel Cir S Unit C207, San Diego, CA 92108	32.757866	-117.178491
1625 Pentecost Way Unit 2, San Diego, CA 92105	32.722901	-117.081393
1631 Pentecost Way Unit 6, San Diego, CA 92105	32.722702	-117.081382
1640 Maple Dr Unit 38, Chula Vista, CA 91911	32.597402	-117.041824
16411 Senda Pl, San Diego, CA 92128	33.0111	-117.061483
1645 Emerald St Apt 2j, San Diego, CA 92109	32.801586	-117.240342
16467 Veridian Cir, San Diego, CA 92127	33.009788	-117.124259
16475 Bernardo Oaks Dr, San Diego, CA 92128	33.012417	-117.063826
1654 Locust St, San Diego, CA 92106	32.72887	-117.227342
1656 Evergreen Ave, San Diego, CA 92154	32.579815	-117.097918
1662 Claret Cup Dr Unit 7, Chula Vista, CA 91915	32.623246	-116.96144
16772 Martincoit Rd, Poway, CA 92064	33.018071	-117.040372
16789 Diego Dr, San Diego, CA 92128	33.017556	-117.070726
1685.5 Los Altos Rd Lot 6, San Diego, CA 92109	32.808884	-117.241792
1685.5 Los Altos Rd Lot 7, San Diego, CA 92109	32.808884	-117.241792
1687 Pentecost Way Unit 7, San Diego, CA 92105	32.722901	-117.081393
16934 Laurel Hill Ln Unit 167, San Diego, CA 92127	33.023463	-117.113627
17075 W Bernardo Dr Unit 105, San Diego, CA 92127	33.025354	-117.081331
1720 Melrose Ave Unit 33, Chula Vista, CA 91911	32.593684	-117.040107
1721-29 Commercial St, San Diego, CA 92113	32.704974	-117.148143
1724 Ocean Front St Unit 3, San Diego, CA 92107	32.744185	-117.254558
1724 Rolling Water Dr Unit 2, Chula Vista, CA 91915	32.620077	-116.958297
1727 Melrose Ave Unit 34, Chula Vista, CA 91911	32.593708	-117.038685
17291 Bernardo Vista Dr, San Diego, CA 92128	33.027606	-117.074229
1733 E 16th St Apt L, National City, CA 91950	32.674632	-117.086294
1735 Gilmartin Dr, San Diego, CA 92114	32.690565	-117.053857
17419 Graciosa Rd, San Diego, CA 92128	33.030607	-117.071736
17465 Plaza Abierto Unit 13, San Diego, CA 92128	33.029431	-117.057358
1752 4th Ave, Chula Vista, CA 91911	32.591948	-117.065336
17543 Saint Andrews Dr, Poway, CA 92064	33.029618	-117.039906
17616 Valladares Dr, San Diego, CA 92127	33.034519	-117.077857
17630 Azucar Way, San Diego, CA 92127	33.035998	-117.085875
1766 Bacon St, San Diego, CA 92107	32.744762	-117.252869
1777 Puterbaugh St, San Diego, CA 92103	32.745869	-117.180844
1780 Torrance St, San Diego, CA 92103	32.746713	-117.180205
17817 Valladares Dr, San Diego, CA 92127	33.036217	-117.078386
17879 Avenida Cordillera, San Diego, CA 92128	33.041325	-117.051757
17927 Sencillo Dr, San Diego, CA 92128	33.037301	-117.063024
1801 Diamond St #3-107, San Diego, CA 92109	32.803255	-117.237966
18070 Polvera Way, San Diego, CA 92128	33.046394	-117.05843
1811 Law St, San Diego, CA 92109	32.805985	-117.238461
1835 Mendota St, San Diego, CA 92106	32.734119	-117.231797
1845 Bayview Heights Dr Unit 110, San Diego, CA 92105	32.723396	-117.078059
1848 Titus St, San Diego, CA 92110	32.745286	-117.183203
1859-61 Irving Ave, San Diego, CA 92113	32.704124	-117.142811
18638 Caminito Cantilena Unit 274, San Diego, CA 92128	33.048389	-117.071784
18650 Caminito Pasadero, San Diego, CA 92128	33.050829	-117.06865
18672 Caminito Pasadero, San Diego, CA 92128	33.050694	-117.068293
18676 Aceituno St, San Diego, CA 92128	33.043671	-117.047323
18767 Lunada Point, San Diego, CA 92128	33.048572	-117.057298
1876 Ebers St, San Diego, CA 92107	32.743423	-117.246288
18770 Polvera Dr, San Diego, CA 92128	33.048186	-117.05661
1878 Sherbrooke St, San Diego, CA 92139	32.684244	-117.02911
1905 Avenida Del Mexico Unit 160, San Diego, CA 92154	32.582858	-117.091606
1910 E 24th St Unit 19, National City, CA 91950	32.66715	-117.082117
1915 Avenida Del Mexico Unit 264, San Diego, CA 92154	32.582858	-117.091606
1921 Alta View Dr, San Diego, CA 92139	32.684474	-117.050736
1941 Genesta St, San Diego, CA 92102	32.726613	-117.087203
1947 Meade Ave, San Diego, CA 92116	32.757022	-117.143969
1950 Upas St Unit 408, San Diego, CA 92104	32.741424	-117.144659
1951-114 47th St, San Diego, CA 92102	32.71978	-117.093593
1951-47 143, San Diego, CA 92102		
1951 47th St Space 103, San Diego, CA 92102	32.726332	-117.092609
1951 47th St Space 147, San Diego, CA 92102	32.726404	-117.092142
1951 47th St Space 96, San Diego, CA 92102	32.726332	-117.092609
1955-1957 Burroughs St, San Diego, CA 92111	32.783845	-117.168524
1955 Polk Ave, San Diego, CA 92104	32.752018	-117.144661
1965 Avenida Del Mexico Unit 211, San Diego, CA 92154	32.582858	-117.091606
1970 Columbia St Unit 310, San Diego, CA 92101	32.725212	-117.16827
1977 Chatsworth Blvd, San Diego, CA 92107	32.736327	-117.23097
1977 Titus St, San Diego, CA 92110	32.746609	-117.18602
1991 Linwood St, San Diego, CA 92110	32.747185	-117.185773
1994 Diamond St Unit 2, San Diego, CA 92109	32.804637	-117.234476
1 Via Del Mar Lot 1, San Diego, CA 92130	32.928587	-117.233173
2017-21 Harrison Ave, San Diego, CA 92113	32.703069	-117.139305
2028 Howard Ave, San Diego, CA 92104	32.754208	-117.142996
2030 Tango Loop Unit 3, Chula Vista, CA 91915	32.616815	-116.962169
2031 Dairy Mart Rd Unit 6, San Ysidro, CA 92173	32.560909	-117.061739
204 Garden Grove Ln, El Cajon, CA 92020	32.79611	-117.004205
204 W Calle Primera Space 23, San Ysidro, CA 92173	32.551392	-117.048176
205 Treewood St, San Diego, CA 92114	32.705408	-117.056882
206 Park Blvd Unit 304, San Diego, CA 92101	32.707996	-117.15496
207 5th Ave #742, San Diego, CA 92101	32.707492	-117.159728
2084 San Diego Ave, San Diego, CA 92110	32.746377	-117.188443
2088 Tango Loop Unit 2, Chula Vista, CA 91915	32.615254	-116.961931
208 W Ivy St, San Diego, CA 92101	32.728412	-117.165113
2103 Manzana Way, San Diego, CA 92139	32.691097	-117.023149
2105 Galveston St, San Diego, CA 92110	32.78304	-117.200896
2111 W California St, San Diego, CA 92110	32.746954	-117.188944
2132 Painted Desert Dr, Chula Vista, CA 91915	32.625113	-116.960426
2133 Chatsworth Blvd Apt 201, San Diego, CA 92107	32.738557	-117.228761
2133 Chatsworth Blvd Apt 203, San Diego, CA 92107	32.738557	-117.228761
2136 Cecelia Ter, San Diego, CA 92110	32.783228	-117.19811
2146 Dillons Trl #117, San Diego, CA 92154	32.556159	-117.022413
2150-2152 Flintridge Dr, San Diego, CA 92139	32.677441	-117.069009
2150-52 Flintridge Dr, San Diego, CA 92139	32.677584	-117.069077
2202 River Run Dr Unit 8, San Diego, CA 92108	32.777338	-117.133343
2204 Mission Ave, San Diego, CA 92116	32.760399	-117.141077
2209 32nd St, San Diego, CA 92104	32.728772	-117.125064
2221 Capistrano Way Unit 6, Chula Vista, CA 91915	32.617969	-116.956388
2240 Sunset Blvd, San Diego, CA 92103	32.751967	-117.188303
2241 Calle Chanate, San Diego, CA 92139	32.683083	-117.054456
2250 Caminito Pescado Unit 2, San Diego, CA 92107	32.742903	-117.23172
225-27 4th Ave, Chula Vista, CA 91910	32.642907	-117.084708
2264 Imperial Ave, San Diego, CA 92102	32.706494	-117.142594
2266 Grand Ave Unit 34, San Diego, CA 92109	32.800922	-117.227995
2269 Ebers St, San Diego, CA 92107	32.749791	-117.240407
2273 Loring St, San Diego, CA 92109	32.810425	-117.230542
2297 Treetop Ln, Chula Vista, CA 91915	32.625418	-116.958434
230 W Laurel St Unit 1005, San Diego, CA 92101	32.731752	-117.165371
2319-21 Etiwanda St, San Diego, CA 92107	32.748319	-117.23701
2320 Landis St, San Diego, CA 92104	32.745748	-117.13959
2339 Vallecitos, La Jolla, CA 92037	32.855038	-117.251615
2344 Smythe Ave #20, San Ysidro, CA 92173	32.555961	-117.050013
236 Payne St, San Diego, CA 92113	32.70378	-117.123239
2384 Caminito Seguro, San Diego, CA 92107	32.745612	-117.229491
2384 Tocayo Ave Unit 124, San Diego, CA 92154	32.56488	-117.08025
2400 5th Ave Unit 311, San Diego, CA 92101	32.730863	-117.160739
2406 B St Apt 1c, San Diego, CA 92102	32.718119	-117.142244
241 50th St Apt 44, San Diego, CA 92102	32.705544	-117.08618
2415 San Marcos Ave, San Diego, CA 92104	32.730893	-117.128355
2417 E Ingersoll St, San Diego, CA 92111	32.787545	-117.163339
2422 56th St, San Diego, CA 92105	32.730801	-117.075771
2441 E St, San Diego, CA 92102	32.7145	-117.142
2443/2449 Boundary St, San Diego, CA 92104	32.743242	-117.121355
2444 Azure Coast Dr, La Jolla, CA 92037	32.850079	-117.24973
2444 Montcliff Rd, San Diego, CA 92139	32.682482	-117.030207
2446-52 E Ingersoll St, San Diego, CA 92111	32.788092	-117.16324
2458 Calle Tortuosa, San Diego, CA 92139	32.68052	-117.052905
2500 6th Ave Unit 1201, San Diego, CA 92103	32.7321	-117.159863
2500 Torrey Pines Rd Unit 303, La Jolla, CA 92037	32.851453	-117.249634
2503 E 4th St, National City, CA 91950	32.686735	-117.08265
2527 Meade Ave, San Diego, CA 92116	32.757081	-117.136864
2528 Aperture Cir, San Diego, CA 92108	32.782317	-117.149235
2528 Island Ave #1/2, San Diego, CA 92102	32.710835	-117.139451
2528 Island Ave, San Diego, CA 92102	32.710835	-117.139451
2540 Clairemont Dr Unit 101, San Diego, CA 92117	32.791036	-117.203884
2540 Clairemont Dr Unit 104, San Diego, CA 92117	32.791266	-117.204823
2554 Calle Aguadulce, San Diego, CA 92139	32.675044	-117.056227
2558 Pennington Ln, San Diego, CA 92139	32.680793	-117.040927
2560 Carmel Valley Rd, Del Mar, CA 92014	32.931207	-117.248395
2563 Windmill View Rd, El Cajon, CA 92020	32.823169	-116.997498
2568 Fenton Pl, National City, CA 91950	32.668315	-117.075102
2578 Dwight St, San Diego, CA 92104	32.744093	-117.13617
2594 E Beyer Blvd, San Ysidro, CA 92173	32.551844	-117.038789
2616 Rosecrans St, San Diego, CA 92106	32.73988	-117.216618
2621 Sweetwater Rd, National City, CA 91950	32.661602	-117.071002
2628 Worden St Unit 136, San Diego, CA 92110	32.74801	-117.227707
2650 Broadway Apt 101, San Diego, CA 92102	32.716127	-117.137199
2656 Illion St, San Diego, CA 92110	32.789392	-117.197902
2657-59 K St, San Diego, CA 92102	32.70815	-117.136826
2662 Worden St Unit 45, San Diego, CA 92110	32.748618	-117.227868
2671 Root St, San Diego, CA 92123	32.79396	-117.140115
2674 Escala Cir, San Diego, CA 92108	32.781595	-117.132867
2687 Piantino Cir, San Diego, CA 92108	32.784605	-117.132289
2691 Harcourt Dr, San Diego, CA 92123	32.794528	-117.1218
2694 Reynard Way Lot 10, San Diego, CA 92103	32.733401	-117.169931
2702 Keen Dr, San Diego, CA 92139	32.67409	-117.049711
2718 Hornblend St, San Diego, CA 92109	32.803524	-117.219947
2718 Ridgeway Dr, National City, CA 91950	32.667308	-117.073241
2725 Via Alta Pl, San Diego, CA 92108	32.7793	-117.1491
2733 Commercial St Lot 0, San Diego, CA 92113	32.705058	-117.134936
2734 Walker Dr, San Diego, CA 92123	32.79269	-117.133277
2735 Ariane Dr Unit 176a, San Diego, CA 92117	32.827067	-117.227205
2739-2741 Logan Ave, San Diego, CA 92113	32.696848	-117.135094
2748 30th St, San Diego, CA 92104	32.734637	-117.129561
2750 Wheatstone St Space 161, San Diego, CA 92111	32.793075	-117.1784
2750 Wheatstone St Space 162, San Diego, CA 92111	32.793075	-117.1784
2750 Wheatstone St Space 175, San Diego, CA 92111	32.793075	-117.1784
2750 Wheatstone St Space 25, San Diego, CA 92111	32.793075	-117.1784
2752 Kandace Way, San Diego, CA 92105	32.733508	-117.08491
2771 Saint Laurent Pl, La Jolla, CA 92037	32.847907	-117.244591
2805 Chicago St, San Diego, CA 92117	32.791885	-117.203858
2805 State St, San Diego, CA 92103	32.734066	-117.170635
2821 Landscape Dr, San Diego, CA 92139	32.671165	-117.052464
2828 Famosa Blvd Unit 106, San Diego, CA 92107	32.751314	-117.229658
2834 Polk Ave, San Diego, CA 92104	32.752353	-117.133029
2840 C St Unit 3, San Diego, CA 92102	32.717187	-117.132836
2842 39th St Apt 4, San Diego, CA 92105	32.734585	-117.111217
2850 Reynard Way Apt 6, San Diego, CA 92103	32.735372	-117.169931
2855 5th Ave #1101, San Diego, CA 92103	32.735309	-117.160112
2858 Casey St #b, San Diego, CA 92139	32.678103	-117.03618
2858 Casey St, San Diego, CA 92139	32.678474	-117.035934
2870 Manos Dr, San Diego, CA 92139	32.669139	-117.058413
2883 Farragut Rd, San Diego, CA 92106	32.733673	-117.219557
2887 Via Posada, La Jolla, CA 92037	32.855612	-117.243084
2905 W Canyon Ave, San Diego, CA 92123	32.799337	-117.116477
2911-2913 Jarvis St, San Diego, CA 92106	32.726792	-117.226139
2915 30th St, San Diego, CA 92104	32.736051	-117.128996
2915 Bonita Mesa Rd, Bonita, CA 91902	32.653599	-117.063535
2917 C St Unit 189, San Diego, CA 92102	32.716692	-117.131278
2920 Briarwood Rd Unit G11, Bonita, CA 91902	32.680128	-117.03032
2926 Alta Dr, National City, CA 91950	32.665357	-117.070274
2930 E 11th St, National City, CA 91950	32.681877	-117.075566
2931 Mobley St, San Diego, CA 92123	32.796625	-117.135166
2932 Sego Pl, San Diego, CA 92123	32.796405	-117.133769
2939 W Porter Rd, San Diego, CA 92106	32.73341	-117.220612
2983 W Canyon Ave, San Diego, CA 92123	32.799518	-117.118174
2985 Reynard Way, San Diego, CA 92103	32.736486	-117.169497
2 Via Del Mar Lot 2, San Diego, CA 92130	32.928587	-117.233173
300 W Beech St Unit 604, San Diego, CA 92101	32.721083	-117.166068
3013 W Canyon Ave, San Diego, CA 92123	32.80046	-117.117628
301 W G St Unit 427, San Diego, CA 92101	32.712024	-117.166172
3025 Byron St Unit 207, San Diego, CA 92106	32.722513	-117.23151
3027 Artemia Way, San Diego, CA 92139	32.667479	-117.053561
3027 Xenophon St, San Diego, CA 92106	32.735975	-117.220405
3029 Broadway Unit 18, San Diego, CA 92102	32.715556	-117.129045
3033 India St Apt 9, San Diego, CA 92103	32.735349	-117.17393
3042 44th St, San Diego, CA 92105	32.737676	-117.100252
3049 Mount Miguel Dr, San Diego, CA 92139	32.667265	-117.059325
3050 Rue Dorleans Unit 232, San Diego, CA 92110	32.755139	-117.227624
3056 44th St, San Diego, CA 92105	32.737882	-117.100252
305 Hihill Way, El Cajon, CA 92020	32.792506	-116.986133
305 Plan, Savina, San Diego, CA 92101	32.719686	-117.169252
3060 6th Ave Unit 34, San Diego, CA 92103	32.73735	-117.159721
3064 Walton Pl, San Diego, CA 92116	32.760044	-117.128541
3066 Mount Miguel Dr, San Diego, CA 92139	32.666956	-117.059913
3078 Broadway Unit 116, San Diego, CA 92102	32.716088	-117.127716
3081 W Canyon Ave, San Diego, CA 92123	32.800716	-117.116549
3087 Thornton Pl, San Diego, CA 92105	32.737567	-117.076898
3103 Orleans E, San Diego, CA 92110	32.753734	-117.22605
3106 Hugo St, San Diego, CA 92106	32.727068	-117.228877
3110 National Ave, San Diego, CA 92113	32.696263	-117.127005
3111 Byron St, San Diego, CA 92106	32.723166	-117.232408
3115 Mckinley St, San Diego, CA 92104	32.737783	-117.119949
3115 Talbot St, San Diego, CA 92106	32.72035	-117.234455
3128 Canon St #102, San Diego, CA 92106	32.72262	-117.233274
3128 Canon St #202, San Diego, CA 92106	32.72262	-117.233274
3128 Canon St #301, San Diego, CA 92106	32.72262	-117.233274
3128 Canon St #302, San Diego, CA 92106	32.72262	-117.233274
3128 Canon St #303, San Diego, CA 92106	32.72262	-117.233274
3133 54th St, San Diego, CA 92105	32.738382	-117.079167
3136 Homer St, San Diego, CA 92106	32.743068	-117.216121
3148 Morning Way, La Jolla, CA 92037	32.868867	-117.234817
315 Sweetwood St, San Diego, CA 92114	32.707537	-117.055974
3175 Wayne Ln, San Diego, CA 92117	32.819535	-117.215116
321 10th Ave Unit 2103, San Diego, CA 92101	32.708561	-117.155386
3238 Emerson St Lot Tr 305 Lot, San Diego, CA 92106	32.725817	-117.231775
3246 Imperial Ave Lot 1-4, San Diego, CA 92102	32.707022	-117.123814
3246 Newell St, San Diego, CA 92106	32.731699	-117.227485
3259 Bramson Pl Unit 201, San Diego, CA 92104	32.753971	-117.123564
3259 Bramson Pl Unit 205, San Diego, CA 92104	32.753971	-117.123564
3265 2nd Ave, San Diego, CA 92103	32.739565	-117.162784
3268-70 J St, San Diego, CA 92102	32.710258	-117.123299
3275 5th Ave Apt 404, San Diego, CA 92103	32.739431	-117.160191
3275 Fifth Ave Apt 504, San Diego, CA 92103	32.739431	-117.160191
3280 Broadway, San Diego, CA 92102	32.716208	-117.124022
3327 Thorn St, San Diego, CA 92104	32.739061	-117.122284
3340 Del Sol Blvd Space 125, San Diego, CA 92154	32.575333	-117.063288
3340 Del Sol Blvd Space 137, San Diego, CA 92154	32.575031	-117.060092
3340 Del Sol Blvd Space 97, San Diego, CA 92154	32.575333	-117.063288
3340 Del Sol Blvd Spc 248, San Diego, CA 92154	32.576079	-117.06306
3376 Madison Ave, San Diego, CA 92116	32.761134	-117.121102
3394 Baltimore St, San Diego, CA 92117	32.801366	-117.205287
3405 Florida St Unit 311, San Diego, CA 92104	32.741508	-117.143357
3412 Conrad Ave, San Diego, CA 92117	32.836022	-117.213578
3415 Collier Ave, San Diego, CA 92116	32.765281	-117.120176
3416 & 3418 42nd St, San Diego, CA 92105	32.746837	-117.104495
3424 Governor Dr, San Diego, CA 92122	32.851056	-117.212914
3427 39th St, San Diego, CA 92105	32.74174	-117.110359
3427 Sterne St, San Diego, CA 92106	32.735357	-117.22688
3433 Jarvis St, San Diego, CA 92106	32.729979	-117.231458
3440 Lebon Dr Apt 4218, San Diego, CA 92122	32.867936	-117.22541
3445 Wallace Dr, Bonita, CA 91902	32.672021	-117.03732
3451-53 Jemez Dr, San Diego, CA 92117	32.827057	-117.21225
3456 Castle Glen Dr Unit 261, San Diego, CA 92123	32.806162	-117.131075
3476 Martin Ave, San Diego, CA 92113	32.699691	-117.119244
3498 Collier Ave, San Diego, CA 92116	32.765642	-117.117462
3500 Trenton Ave Lot 0, San Diego, CA 92117	32.802739	-117.208363
3504-3604 Plan, Savina, San Diego, CA 92101	32.719686	-117.169252
3504 Marlborough Ave, San Diego, CA 92105	32.742396	-117.106055
3505 Angelucci St Unit 1l, San Diego, CA 92111	32.808003	-117.155778
3505 Angelucci St Unit 1n, San Diego, CA 92111	32.808003	-117.155778
350 K St Unit 417, San Diego, CA 92101	32.708638	-117.161468
3516 Monroe Ave, San Diego, CA 92116	32.759175	-117.117422
3520 Lebon Dr Unit 5211, San Diego, CA 92122	32.869221	-117.225838
3522 Caminito Carmel Lndg, San Diego, CA 92130	32.939884	-117.237235
3525 Herbert St, San Diego, CA 92103	32.742717	-117.149041
3528 Copley Ave, San Diego, CA 92116	32.767483	-117.116577
3528 Hugo St, San Diego, CA 92106	32.729902	-117.233241
3530 Arey Dr Apt 5, San Diego, CA 92154	32.579121	-117.055945
3536-44 47th St, San Diego, CA 92105	32.736525	-117.093613
3541 Baker St, San Diego, CA 92117	32.800348	-117.207758
3542-44 47th St, San Diego, CA 92105	32.742905	-117.093692
3547 Jewell St, San Diego, CA 92109	32.783848	-117.234659
3549 Castle Glen Dr Unit 118, San Diego, CA 92123	32.806692	-117.129709
354 Bay Leaf Dr, Chula Vista, CA 91910	32.642224	-117.052793
354 S 46th St, San Diego, CA 92113	32.701431	-117.096157
3550 Alcott St, San Diego, CA 92106	32.740876	-117.223465
3550 Lebon Dr Unit 6421, San Diego, CA 92122	32.870188	-117.224432
3550 Lebon Dr Unit 6428, San Diego, CA 92122	32.869011	-117.226042
3554 Caminito El Rincon Unit 56, San Diego, CA 92130	32.94552	-117.237916
3555 Dorchester Dr, San Diego, CA 92123	32.807747	-117.125756
3555 Ruffin Rd Unit 273, San Diego, CA 92123	32.807496	-117.128365
3556 Antiem St, San Diego, CA 92111	32.808805	-117.159291
3559-61 Nile St, San Diego, CA 92104	32.743077	-117.119721
3560 1st Ave Unit 2, San Diego, CA 92103	32.742663	-117.164143
356 Kolmar St, La Jolla, CA 92037	32.828376	-117.277628
3581 Pomeroy St, San Diego, CA 92123	32.808138	-117.133196
358 22nd St, San Diego, CA 92102	32.709091	-117.144275
3582 Sunset Ln Unit 128, San Ysidro, CA 92173	32.558853	-117.056875
3584-86 Villa Ter, San Diego, CA 92104	32.743647	-117.136037
3591 Ruffin Rd Unit 226, San Diego, CA 92123	32.80875	-117.128259
3598 Syracuse Ave, San Diego, CA 92122	32.847614	-117.207993
35th Crest Dr, San Diego, CA 92102	32.709423	-117.119034
35th Crest Dr, San Diego, CA 92102	32.709697	-117.118957
35th Crest Dr, San Diego, CA 92102	32.710054	-117.118889
35 Th St Lot 0, San Diego, CA 92113	32.696013	-117.098374
35th St, San Diego, CA 92104	32.756729	-117.117572
35th St, San Diego, CA 92116	32.759965	-117.117899
3601 Mount Acadia Blvd, San Diego, CA 92111	32.807121	-117.18208
3609 Wawona Dr, San Diego, CA 92106	32.735056	-117.230531
3611 1/2 46th St, San Diego, CA 92105	32.744325	-117.095422
3615 Plumosa Dr, San Diego, CA 92106	32.744315	-117.221935
3650 5th Ave Unit 611, San Diego, CA 92103	32.744667	-117.160824
3650 5th Ave Unit 616, San Diego, CA 92103	32.744667	-117.160824
366-370 22nd St, San Diego, CA 92102	32.717357	-117.144038
3677 41st St Apt 9, San Diego, CA 92105	32.745559	-117.106624
3690 Mission Mesa Way, San Diego, CA 92120	32.812283	-117.068387
36 Quintard St, Chula Vista, CA 91911	32.606153	-117.054032
3707 La Cresta Dr, San Diego, CA 92107	32.734592	-117.233452
3708 Ashford St, San Diego, CA 92111	32.810871	-117.160194
3711 Louisiana St Unit 2, San Diego, CA 92104	32.745887	-117.13952
3713 30th St, San Diego, CA 92104	32.745581	-117.12978
371 Corte Maria Ave, Chula Vista, CA 91910	32.64171	-117.068961
3727 Central Ave, San Diego, CA 92105	32.746536	-117.107849
3733 Chamoune Ave, San Diego, CA 92105	32.746546	-117.096312
3737 Mississippi St Unit 3, San Diego, CA 92104	32.746384	-117.14081
3753 Richmond St, San Diego, CA 92103	32.746571	-117.151001
3758 Antiem St, San Diego, CA 92111	32.811942	-117.159262
3765 Antiem St, San Diego, CA 92111	32.81212	-117.158756
3768 Mykonos Ln, San Diego, CA 92130	32.948406	-117.229294
3776 Alabama St Unit C201, San Diego, CA 92104	32.747369	-117.142661
3778 50th St Unit 15, San Diego, CA 92105	32.746758	-117.087275
378 S Westwind Dr, El Cajon, CA 92020	32.791744	-116.985669
3796 Alabama St #a102, San Diego, CA 92104	32.74794	-117.14227
3803 Del Mar Ave, San Diego, CA 92106	32.729591	-117.239702
3805 Keating St, San Diego, CA 92110	32.746806	-117.178976
3809 Camino Lindo, San Diego, CA 92122	32.861244	-117.220969
3811 Rancho La Bella, San Diego, CA 92130	32.971457	-117.232678
3812-14 36th St, San Diego, CA 92104	32.748189	-117.115946
3812 Park Blvd Unit 310, San Diego, CA 92103	32.74797	-117.146705
3812 Park Blvd Unit 504, San Diego, CA 92103	32.74797	-117.146705
3815 3rd Ave Apt 34, San Diego, CA 92103	32.747346	-117.162415
3828 52nd St, San Diego, CA 92105	32.747951	-117.083898
3834 Alpha St, San Diego, CA 92113	32.692019	-117.111801
3834 Bayside Walk, San Diego, CA 92109	32.785561	-117.252246
3843 Grandview Pl, Bonita, CA 91902	32.652633	-117.061956
3844 Groton St Unit 1, San Diego, CA 92110	32.753318	-117.220996
3852-3856 Wilson Ave, San Diego, CA 92104	32.748433	-117.116987
3860 Elijah Ct Unit 1022, San Diego, CA 92130	32.946311	-117.233528
3866 Birch St, San Diego, CA 92113	32.686909	-117.110994
3870 Newton Ave, San Diego, CA 92113	32.695304	-117.110977
3871 Gamma St, San Diego, CA 92113	32.68947	-117.110798
3877 Riviera Dr, San Diego, CA 92109	32.789577	-117.240387
3890 Nobel Dr Unit 303, San Diego, CA 92122	32.868799	-117.223006
3890 Nobel Dr Unit 804, San Diego, CA 92122	32.868799	-117.223006
3893 California St Unit 9, San Diego, CA 92110	32.744824	-117.184251
3906 La Jolla Village Dr, La Jolla, CA 92037	32.871046	-117.222393
3907 Shasta St, San Diego, CA 92109	32.791502	-117.235417
390 San Antonio Ave #13, San Diego, CA 92106	32.709252	-117.237887
3925-27 Illinois St, San Diego, CA 92104	32.749018	-117.127323
3928 Arizona St Apt 3, San Diego, CA 92104	32.749102	-117.137924
3928 Via Cangrejo, San Diego, CA 92130	32.920478	-117.228579
3929-3931 California St, San Diego, CA 92110	32.745144	-117.184915
3937-41 Marine View Ave, San Diego, CA 92113	32.683571	-117.108744
3950 Ohio St Unit 319, San Diego, CA 92104	32.750225	-117.129093
3954 Bancroft St Unit 9, San Diego, CA 92104	32.749495	-117.124315
3966 Pringle St, San Diego, CA 92103	32.748284	-117.176897
3969 33rd St, San Diego, CA 92104	32.75005	-117.12217
3971 Boston Ave, San Diego, CA 92113	32.693683	-117.10877
3974-76 C St, San Diego, CA 92102	32.717205	-117.108794
3975 Nobel Dr Unit 298, San Diego, CA 92122	32.867488	-117.221062
3976 Idaho St, San Diego, CA 92104	32.749872	-117.134137
3980 60th St Unit 40, San Diego, CA 92115	32.74989	-117.067651
3980 8th Ave Unit 216, San Diego, CA 92103	32.74938	-117.15777
3980 8th Ave Unit 301, San Diego, CA 92103	32.74938	-117.15777
3980 Mount Abraham Ave, San Diego, CA 92111	32.816578	-117.175642
3982 Valeta St Unit 261, San Diego, CA 92110	32.746865	-117.227885
3998 Camino Lindo, San Diego, CA 92122	32.859546	-117.219932
3 Via Del Mar Lot 3, San Diego, CA 92130	32.928587	-117.233173
4015 Louisiana St Unit 4, San Diego, CA 92104	32.750631	-117.139851
4016 Gresham St Unit E2, San Diego, CA 92109	32.791794	-117.243028
4019-4023 Logan Ave, San Diego, CA 92113	32.696978	-117.107797
4020-4024 34th St, San Diego, CA 92104	32.750221	-117.120656
4024 College Ave, San Diego, CA 92115	32.75124	-117.063913
4025 La Salle St, San Diego, CA 92110	32.756546	-117.220277
402 63rd St Space 75, San Diego, CA 92114	32.707962	-117.06313
4028 Mahaila Ave Unit C, San Diego, CA 92122	32.870247	-117.21921
4045 Carmel View Rd Unit 89, San Diego, CA 92130	32.945127	-117.232315
4055 36th St #d1, San Diego, CA 92104	32.750808	-117.115202
4055 36th St Unit 6, San Diego, CA 92104	32.750808	-117.115202
4060 Huerfano Ave Unit 141, San Diego, CA 92117	32.815092	-117.217917
4060 Huerfano Ave Unit 311, San Diego, CA 92117	32.814695	-117.217324
4064 Nobel Dr Unit 102, San Diego, CA 92122	32.868249	-117.219417
4065 Porte La Paz, San Diego, CA 92122	32.85575	-117.22914
4075 Marlborough Ave Unit 6, San Diego, CA 92105	32.751067	-117.10532
4081 Eta St, San Diego, CA 92113	32.686442	-117.106108
4081 Kansas St Unit 8, San Diego, CA 92104	32.751889	-117.13104
4086 Caminito Cassis, San Diego, CA 92122	32.857138	-117.224812
4099 Huerfano Ave Unit 209, San Diego, CA 92117	32.816102	-117.216817
4105 Tynebourne Cir, San Diego, CA 92130	32.959626	-117.228677
4110 Caflur Ave, San Diego, CA 92117	32.816584	-117.212138
4110 Palisades Rd, San Diego, CA 92116	32.775526	-117.108422
4111 Illinois St Unit 205, San Diego, CA 92104	32.752464	-117.127336
4111 National Ave, San Diego, CA 92113	32.695752	-117.105675
4111 Randolph St, San Diego, CA 92103	32.75207	-117.176567
4114 Louisiana St, San Diego, CA 92104	32.752491	-117.140406
4122-28 Highland Ave, San Diego, CA 92105	32.751896	-117.099013
4122 Highland Ave #28, San Diego, CA 92105	32.751896	-117.099013
4130 Haines St Apt 8b, San Diego, CA 92109	32.794295	-117.241432
4130 Rancho Las Brisas Trl, San Diego, CA 92130	32.973363	-117.229436
4131 60th St, San Diego, CA 92115	32.753086	-117.066729
4133 42nd St Apt 3, San Diego, CA 92105	32.752118	-117.104069
4138-40 Delta St, San Diego, CA 92113	32.689027	-117.105139
4141 Central Ave #4149, San Diego, CA 92105	32.752387	-117.107865
4155 Mandarin Ter, San Diego, CA 92115	32.752419	-117.077222
4161 Clairemont Mesa Blvd, San Diego, CA 92117	32.830927	-117.201184
4164 Mount Alifan Pl Unit G, San Diego, CA 92111	32.816434	-117.179201
4166 Eta St, San Diego, CA 92113	32.686982	-117.104534
4170 Albatross Dr, San Diego, CA 92103	32.752374	-117.166487
4173-75 Pepper Dr, San Diego, CA 92105	32.732985	-117.105463
4175 Executive Dr Unit G104, La Jolla, CA 92037	32.874477	-117.21731
4175 Gamma St, San Diego, CA 92113	32.689619	-117.104319
4179 Norfolk Ter, San Diego, CA 92116	32.768241	-117.105607
4183 Cosmo St, San Diego, CA 92111	32.819786	-117.165649
4184 Camino Islay, San Diego, CA 92122	32.862685	-117.213942
4186 Camino Islay, San Diego, CA 92122	32.862685	-117.213942
4189 37th St, San Diego, CA 92105	32.753088	-117.112712
419 Olivewood Ter, San Diego, CA 92113	32.701853	-117.114924
4204 Dakota Dr, San Diego, CA 92117	32.800078	-117.201754
4209 Newport Ave #5, San Diego, CA 92107	32.738719	-117.238102
4219 39th St, San Diego, CA 92105	32.753698	-117.110075
421 S 38th St, San Diego, CA 92113	32.701833	-117.112255
4221 Madison Ave, San Diego, CA 92116	32.760607	-117.103982
4221 Mount Casas Ct, San Diego, CA 92117	32.816101	-117.192016
4237 Felton St, San Diego, CA 92104	32.754072	-117.120837
4240 Madison Ave, San Diego, CA 92116	32.760997	-117.103553
4246 Alder Dr, San Diego, CA 92116	32.765548	-117.102668
4247 Loma Riviera Ln, San Diego, CA 92110	32.755688	-117.225345
4257 3rd Ave #103, San Diego, CA 92103	32.745519	-117.170166
4259 Mount Herbert Ave, San Diego, CA 92117	32.819505	-117.19568
425 W Beech St Unit 1351, San Diego, CA 92101	32.720889	-117.166061
425 W Beech St Unit 515, San Diego, CA 92101	32.720889	-117.166061
4264 51st St, San Diego, CA 92115	32.754261	-117.085077
4264 Harbinson Ave, La Mesa, CA 91942	32.756241	-117.045567
4264 Market St, San Diego, CA 92102	32.711474	-117.103362
4265 Lochlomond St, San Diego, CA 92111	32.819699	-117.158312
4276 El Cajon Blvd, San Diego, CA 92105	32.755451	-117.102312
4292-4296 3rd Ave, San Diego, CA 92103	32.755404	-117.162416
4298 Marlesta Dr, San Diego, CA 92111	32.818747	-117.159417
4300 Imperial Ave, San Diego, CA 92113	32.706747	-117.105649
4321 Louisiana St, San Diego, CA 92104	32.75582	-117.139852
4335 Del Monte Ave, San Diego, CA 92107	32.737039	-117.241979
4336 College Ave, San Diego, CA 92115	32.756203	-117.066389
4340 W Overlook Dr, San Diego, CA 92115	32.754522	-117.071804
4344 Osprey St, San Diego, CA 92107	32.726802	-117.249918
4351 Kemper St, La Mesa, CA 91942	32.757357	-117.041726
4361 Hawk St, San Diego, CA 92103	32.756839	-117.172187
4362 Hilldale Rd, San Diego, CA 92116	32.771107	-117.10086
4373 35th St Unit 7, San Diego, CA 92104	32.756729	-117.117572
4399 Pomona Ave, La Mesa, CA 91942	32.758953	-117.038119
4404 Delta St Unit 30, San Diego, CA 92113	32.689515	-117.099761
4412 Delta St Apt 33, San Diego, CA 92113	32.689642	-117.099365
4425 50th St Unit 6, San Diego, CA 92115	32.757495	-117.086521
4425 Cherokee Ave, San Diego, CA 92116	32.757717	-117.113859
4427 Adair St, San Diego, CA 92107	32.731491	-117.249185
4431 Moraga Ave, San Diego, CA 92117	32.824629	-117.214269
443 Sawtelle Ave, San Diego, CA 92114	32.708647	-117.025806
4441 Winona Ave Apt 3, San Diego, CA 92115	32.757738	-117.087713
4444 W Point Loma Blvd Unit 53, San Diego, CA 92107	32.752769	-117.231697
444 Anita St Space 105, Chula Vista, CA 91911	32.599463	-117.070586
4452 Brindisi St, San Diego, CA 92107	32.72307	-117.254656
4452 Caminito Fuente, San Diego, CA 92116	32.760354	-117.159518
445 Orange Ave Space 76, Chula Vista, CA 91911	32.601456	-117.071739
4460 Del Mar Ave, San Diego, CA 92107	32.736348	-117.245954
4464-68 Alabama St, San Diego, CA 92116	32.758453	-117.142911
4465 Ocean Blvd Unit 34, San Diego, CA 92109	32.795904	-117.256241
4467 Orchard Ave, San Diego, CA 92107	32.735076	-117.247138
4468 Marlborough Ave Unit 9, San Diego, CA 92116	32.758349	-117.106395
4473-79 North Ave, San Diego, CA 92116	32.758637	-117.147129
4475-4479 35th St, San Diego, CA 92116	32.758507	-117.117712
4475 Del Mar Ave, San Diego, CA 92107	32.736001	-117.246541
4495 Conrad Ave, San Diego, CA 92117	32.835151	-117.195052
44th Crest Dr, San Diego, CA 92105	32.737814	-117.100258
4503 Hamilton St Unit 1, San Diego, CA 92116	32.75938	-117.13601
4503 Idaho St, San Diego, CA 92116	32.759321	-117.133656
4509 College Way, San Diego, CA 92115	32.758747	-117.066889
4519-21 37th St, San Diego, CA 92116	32.759451	-117.112787
4521 37th St, San Diego, CA 92116	32.759456	-117.112787
4524-26 33rd St, San Diego, CA 92116	32.766359	-117.122825
4525 Vista St, San Diego, CA 92116	32.759439	-117.103019
4531 Jamestown Way, San Diego, CA 92117	32.841723	-117.196024
4541-43 Idaho St, San Diego, CA 92116	32.759956	-117.13354
4541 Florida St Unit 101, San Diego, CA 92116	32.759833	-117.143444
4553 Vereda Mar De Ponderosa, San Diego, CA 92130	32.921633	-117.216797
4560 60th St Unit 14, San Diego, CA 92115	32.759856	-117.068609
4561 Southampton St, San Diego, CA 92117	32.827221	-117.183648
4564 Long Branch Ave, San Diego, CA 92107	32.746414	-117.240082
4586 Hamilton St, San Diego, CA 92116	32.760647	-117.13673
4605 Yerba Santa Dr, San Diego, CA 92115	32.776333	-117.09637
4607 Janet Pl, San Diego, CA 92115	32.768017	-117.0946
4609-4615 Contour Blvd, San Diego, CA 92115	32.76042	-117.083313
4615 Vereda Luz Del Sol, San Diego, CA 92130	32.915568	-117.216858
46 19th St, San Diego, CA 92102	32.70582	-117.146991
4622 Lisann St, San Diego, CA 92117	32.82913	-117.225753
4625 62nd St #4635, San Diego, CA 92115	32.761319	-117.063941
4625 El Penon Way, San Diego, CA 92117	32.832881	-117.224252
4628 Louisiana St, San Diego, CA 92116	32.761558	-117.140434
4634 Arizona St, San Diego, CA 92116	32.761584	-117.137986
4640-42 Lotus St, San Diego, CA 92107	32.748944	-117.239657
4640 Orchard Ave, San Diego, CA 92107	32.737387	-117.249744
4654 Hamilton St Unit 2, San Diego, CA 92116	32.762	-117.136735
4659 Texas St Unit 5, San Diego, CA 92116	32.762062	-117.138476
4660 Point Loma Ave #62, San Diego, CA 92107	32.735079	-117.252253
4664 Greene St, San Diego, CA 92107	32.74982	-117.239591
4667 Ocean Blvd Unit 209, San Diego, CA 92109	32.798495	-117.257209
466 H Ave, Coronado, CA 92118	32.695863	-117.181553
4670 Edgeware Rd, San Diego, CA 92116	32.762697	-117.10559
4670 Robbins St, San Diego, CA 92122	32.855023	-117.19367
4675 Ramsay Ave, San Diego, CA 92122	32.857286	-117.193586
4689 Edison St, San Diego, CA 92117	32.793276	-117.198559
4719 Bermuda Ave, San Diego, CA 92107	32.736082	-117.253013
4726 Works Pl, San Diego, CA 92116	32.763485	-117.129547
4729 Saratoga Ave, San Diego, CA 92107	32.745431	-117.245078
4730 Leathers St, San Diego, CA 92117	32.832174	-117.226247
4730 Noyes St Apt 214, San Diego, CA 92109	32.805194	-117.233192
4732 34th St Unit 4, San Diego, CA 92116	32.764167	-117.120809
4732 Finchley Ter, San Diego, CA 92130	32.961751	-117.215155
4739 Point Loma Ave, San Diego, CA 92107	32.735525	-117.254051
4754-56 Saratoga Ave, San Diego, CA 92107	32.746215	-117.245197
4763 34th St, San Diego, CA 92116	32.764868	-117.120319
4763 Santa Cruz Ave, San Diego, CA 92107	32.740726	-117.25012
4767 Ocean Blvd, San Diego, CA 92109	32.800868	-117.257718
4774 Wilson Ave, San Diego, CA 92116	32.764846	-117.1165
4778 Regatta Ln, San Diego, CA 92154	32.584542	-117.028792
4820 Santa Cruz Ave Apt 3, San Diego, CA 92107	32.741857	-117.250701
4821 Narragansett Ave, San Diego, CA 92107	32.743056	-117.249668
4834 W Mountain View Dr Unit 6, San Diego, CA 92116	32.766242	-117.126168
4844 68th St Unit 21, San Diego, CA 92115	32.766802	-117.051556
4844 68th St Unit 22, San Diego, CA 92115	32.766802	-117.051556
4845 Collwood Blvd Unit A, San Diego, CA 92115	32.767379	-117.082822
484 Vista San Lucas, San Diego, CA 92154	32.584792	-117.016449
4855 Cole St, San Diego, CA 92117	32.83408	-117.200905
4860 Rolando Ct Unit 13, San Diego, CA 92115	32.767541	-117.05816
4860 Rolando Ct Unit 20, San Diego, CA 92115	32.767541	-117.05816
4860 Rolando Ct Unit 25, San Diego, CA 92115	32.767541	-117.05816
4862 Santa Cruz Ave, San Diego, CA 92107	32.742261	-117.251358
4870 1/2 Old Cliffs Rd #4870-1/2, San Diego, CA 92120	32.800911	-117.086947
4870 1/2 Old Cliffs Rd, San Diego, CA 92120	32.800911	-117.086947
4886 Lantana Dr Lot 4/57-62, San Diego, CA 92105	32.744968	-117.089814
4887 Collwood Blvd Unit B, San Diego, CA 92115	32.767379	-117.082822
4900 Rosehedge Dr Apt 102, La Mesa, CA 91942	32.769931	-117.012416
4903 Hawley Blvd, San Diego, CA 92116	32.76738	-117.119059
4916.5 Old Cliffs Rd, San Diego, CA 92120	32.799757	-117.088617
4918 1/2 Old Cliffs Rd, San Diego, CA 92120	32.800911	-117.086947
4922 Dafter Pl, San Diego, CA 92102	32.728344	-117.089398
4930 W Point Loma Blvd, San Diego, CA 92107	32.752015	-117.244468
4934-36 W Point Loma Blvd, San Diego, CA 92107	32.752079	-117.244635
4934.5 Old Cliffs Rd, San Diego, CA 92120		
4944 Cass St Unit 408, San Diego, CA 92109	32.804434	-117.254358
4944 Cass St Unit 509, San Diego, CA 92109	32.804434	-117.254358
4944 Old Cliffs Rd, San Diego, CA 92120	32.800911	-117.086947
4954 Federal Blvd, San Diego, CA 92102	32.721631	-117.088386
4958 Old Cliffs Rd #4958, San Diego, CA 92120	32.800911	-117.086947
4976 Paguera Ct, San Diego, CA 92124	32.819225	-117.096863
4979 Ocean View Blvd, San Diego, CA 92113	32.700224	-117.087676
4 Via Del Mar Lot 4, San Diego, CA 92130	32.928587	-117.233173
5001 Pirotte Dr, San Diego, CA 92105	32.729107	-117.088374
5002 Mount Harris Dr, San Diego, CA 92117	32.824212	-117.186527
5012 Pearlman Way, San Diego, CA 92130	32.954852	-117.208871
5015 Santa Cruz Ave Unit 208, San Diego, CA 92107	32.743355	-117.254508
501 Anita St Space 119, Chula Vista, CA 91911	32.59677	-117.0723
5026 Collwood Way Unit 74, San Diego, CA 92115	32.768363	-117.0872
5026 La Paz Dr, San Diego, CA 92113	32.698321	-117.086662
5030 A St Apt 6, San Diego, CA 92102	32.718746	-117.086684
5030 Raymond Pl, San Diego, CA 92116	32.769928	-117.115039
5032 54th St, San Diego, CA 92115	32.769706	-117.080263
5034 Auburn Dr, San Diego, CA 92105	32.743605	-117.08836
5038 Old Cliffs Rd, San Diego, CA 92120	32.800911	-117.086947
503 Sunnyside Ave, San Diego, CA 92114	32.709449	-117.025172
505 E 7th St, National City, CA 91950	32.678376	-117.101924
5066 New Haven Rd, San Diego, CA 92117	32.838118	-117.198015
5096 Solola Ave, San Diego, CA 92113	32.693792	-117.085531
510 Camino De La Reina Unit 134, San Diego, CA 92108	32.767263	-117.160671
5113 La Cuenta Dr, San Diego, CA 92124	32.823193	-117.095353
511 Edward St, El Cajon, CA 92020	32.800694	-116.998088
5124 W Point Loma Blvd, San Diego, CA 92107	32.754415	-117.248173
5132 Meadows Del Mar Dr, San Diego, CA 92130	32.940126	-117.201324
5145 Calle Sandwaves #18, San Diego, CA 92154	32.573003	-117.021881
5146 Bocaw Pl, San Diego, CA 92115	32.77198	-117.050862
5150 Hilda Rd, San Diego, CA 92110	32.770254	-117.198339
5150 Marlborough Dr, San Diego, CA 92116	32.771213	-117.106728
515 17th St, San Diego, CA 92101	32.710684	-117.148338
5154 Renaissance Ave, San Diego, CA 92122	32.866901	-117.204929
5171 Barstow St, San Diego, CA 92117	32.835017	-117.179327
5171 Del Mar Mesa Rd, San Diego, CA 92130	32.939731	-117.206781
5193 Silk Pl, San Diego, CA 92105	32.726757	-117.083907
5197 68th St, San Diego, CA 92115	32.772975	-117.051599
520 Braun Ave, San Diego, CA 92114	32.710206	-117.022065
5219 Laurel St, San Diego, CA 92105	32.730517	-117.083183
5251 Gary St, San Diego, CA 92115	32.774551	-117.060095
525 San Gorgonio St, San Diego, CA 92106	32.712538	-117.240953
5267 Castle Hills Dr, San Diego, CA 92109	32.811939	-117.248366
5282 Constitution Rd, San Diego, CA 92117	32.841912	-117.193798
5289 Lodi St, San Diego, CA 92117	32.841326	-117.200829
5290 Maryland Ave, La Mesa, CA 91942	32.774943	-117.040364
5328 Krenning St, San Diego, CA 92105	32.736086	-117.080624
5346 Mount Alifan Dr, San Diego, CA 92111	32.817954	-117.182069
5360 Burford St, San Diego, CA 92111	32.796086	-117.186967
5361 Collier Ave, San Diego, CA 92115	32.763024	-117.08022
5373 La Jolla Blvd Unit 8, La Jolla, CA 92037	32.810626	-117.265382
5373 Waring Rd, San Diego, CA 92120	32.796422	-117.076461
5381 Renaissance Ave, San Diego, CA 92122	32.866992	-117.201728
5402 Balboa Arms Dr Unit 440, San Diego, CA 92117	32.823417	-117.17967
5404 Balboa Arms Dr Unit 369, San Diego, CA 92117	32.824159	-117.179439
5409 Castle Hills Dr, San Diego, CA 92109	32.813646	-117.248075
5412 Por Techo Ct, San Diego, CA 92124	32.828944	-117.099687
5427 Lauretta St, San Diego, CA 92110	32.76671	-117.194438
5429 Lauretta St #b, San Diego, CA 92110	32.766646	-117.194261
5432 Adobe Falls Rd Unit 12, San Diego, CA 92120	32.782325	-117.082455
5437 Lauretta St #a, San Diego, CA 92110	32.766557	-117.194335
545-551 Radio Ct, San Diego, CA 92114	32.698607	-117.073252
545-557 Fergus St, San Diego, CA 92114	32.711581	-117.065471
5462 Adobe Falls Rd, San Diego, CA 92120	32.78248	-117.080734
5462 Adobe Falls Rd Unit 10, San Diego, CA 92120	32.78248	-117.080734
5469 Bothe Ave, San Diego, CA 92122	32.842869	-117.225793
5470 La Jolla Blvd #g301, La Jolla, CA 92037	32.811856	-117.268302
5480 La Jolla Blvd Unit J102, La Jolla, CA 92037	32.811856	-117.268302
5507 Sandcliff Ln #156, San Diego, CA 92154	32.571734	-117.02126
5514 Santa Margarita St, San Diego, CA 92114	32.706476	-117.075877
5523 Meadows Del Mar, San Diego, CA 92130	32.94088	-117.191221
5526 Caminito Consuelo, La Jolla, CA 92037	32.820735	-117.235669
5527 San Onofre Ter, San Diego, CA 92114	32.699668	-117.077151
5555 San Onofre Ter, San Diego, CA 92114	32.700263	-117.076448
5557 Forbes Ave, San Diego, CA 92120	32.798965	-117.070501
5560 Marengo Ave, La Mesa, CA 91942	32.77957	-117.023448
5605 Friars Rd Unit 279, San Diego, CA 92110	32.763545	-117.190089
5622 Linfield Ave, San Diego, CA 92120	32.779111	-117.054758
5630 Sigma St, La Mesa, CA 91942	32.781021	-117.017974
5665 Regis Ave, San Diego, CA 92120	32.779818	-117.054862
5678 Caminito Roberto, San Diego, CA 92111	32.814736	-117.178429
5705 Erlanger St, San Diego, CA 92122	32.847285	-117.196921
5707 Spartan Dr, San Diego, CA 92115	32.753937	-117.073596
5715 Baltimore Dr Unit 105, La Mesa, CA 91942	32.785536	-117.033192
5721 Roanoke St, San Diego, CA 92139	32.670765	-117.065711
572 61st St, San Diego, CA 92114	32.711107	-117.06705
5730 Olympic Pl, San Diego, CA 92115	32.751602	-117.071663
5734 Cumberland St, San Diego, CA 92139	32.674013	-117.066818
575 6th Ave Unit 1903, San Diego, CA 92101	32.711174	-117.158773
575 6th Ave Unit 2102, San Diego, CA 92101	32.711174	-117.158773
5780 Ginger Glen Trl, San Diego, CA 92130	32.963026	-117.191209
5784 Camber Dr, San Diego, CA 92117	32.825041	-117.17396
5822 Mission Center Rd Unit E, San Diego, CA 92123	32.780851	-117.154221
5829 Lance St, San Diego, CA 92120	32.790436	-117.0706
5834-40 Lauretta St, San Diego, CA 92110	32.768565	-117.186838
5842 Roanoke St, San Diego, CA 92139	32.672527	-117.063819
5845 Friars Rd Apt 1301, San Diego, CA 92110	32.765127	-117.187183
5845 Friars Rd Apt 1416, San Diego, CA 92110	32.765127	-117.187183
584 Parkwood Dr, San Diego, CA 92139	32.691316	-117.031529
5865 Estelle St, San Diego, CA 92115	32.758077	-117.071036
5875 Friars Rd Apt 4316, San Diego, CA 92110	32.763775	-117.187219
5885 El Cajon Blvd Unit 209, San Diego, CA 92115	32.758884	-117.069775
5890 Aster Meadows Pl, San Diego, CA 92130	32.964776	-117.193749
5897 Cervantes Ave, San Diego, CA 92114	32.697619	-117.070345
5915 Lauretta St Apt 1, San Diego, CA 92110	32.768276	-117.187214
5940 Oceanview Ridge Ln, San Diego, CA 92121	32.915813	-117.190037
5958 Rancho Mission Rd Unit 210, San Diego, CA 92108	32.782821	-117.11247
5987 Gaines St, San Diego, CA 92110	32.76701	-117.1858
5992 Flipper Dr, San Diego, CA 92114	32.704645	-117.06866
600 Anita St Space 11, Chula Vista, CA 91911	32.600515	-117.079201
6012 E Village Center Loop Rd Unit 35, San Diego, CA 92130	32.960879	-117.191581
6021 Edgewater St, San Diego, CA 92139	32.675167	-117.060789
6035-6055 Creighton Way, San Diego, CA 92114	32.697263	-117.068169
6082 Cumulus Ln, San Diego, CA 92110	32.767504	-117.183868
6101 Ridgemoor Dr, San Diego, CA 92120	32.789382	-117.054581
6103 Malcolm Dr, San Diego, CA 92115	32.753856	-117.064177
6131 Rancho Mission Rd Unit 324, San Diego, CA 92108	32.785562	-117.109069
6132 Madra Ave, San Diego, CA 92120	32.7905	-117.056068
6149 Alderley St, San Diego, CA 92114	32.700317	-117.065466
6160 Newcastle Pl, San Diego, CA 92114	32.699097	-117.065629
616 San Miguel Ave, San Diego, CA 92113	32.699497	-117.104943
6206 Lake Alturas Ave, San Diego, CA 92119	32.791943	-117.016469
6216 Agee St Unit 115, San Diego, CA 92122	32.853088	-117.202132
6232 Winona Ave, San Diego, CA 92120	32.786443	-117.087899
6234 Belmont Trail Ct, San Diego, CA 92130	32.932567	-117.185085
6234 E Lake Dr Lot 104-105-10, San Diego, CA 92119	32.792389	-117.006834
623 & 627 Colima St, La Jolla, CA 92037	32.811593	-117.263539
623 Colima St, La Jolla, CA 92037	32.811593	-117.263539
6257 Pearl Lake Ave, San Diego, CA 92119	32.793326	-117.026731
627 Colima St, La Jolla, CA 92037	32.811664	-117.263634
6314 Friars Rd Unit 120, San Diego, CA 92108	32.766696	-117.180479
6333 College Grove Way #5104, San Diego, CA 92115	32.737288	-117.057898
6333 La Jolla Blvd Unit 358, La Jolla, CA 92037	32.824666	-117.275667
6356 Lake Melissa Dr, San Diego, CA 92119	32.79717	-117.011333
6363 Caminito Lazaro, San Diego, CA 92111	32.768151	-117.182186
6384 Birchwood St, San Diego, CA 92120	32.788941	-117.083627
6386 Akins Ave, San Diego, CA 92114	32.710746	-117.060593
6390 Rancho Mission Rd Unit 209, San Diego, CA 92108	32.788345	-117.110158
6396 Lake Decatur Ave, San Diego, CA 92119	32.797603	-117.026345
6418 Hayward Way, San Diego, CA 92139	32.683884	-117.054525
6436 Del Paso Ave, San Diego, CA 92120	32.79757	-117.056585
6442 Casselberry Way, San Diego, CA 92119	32.794032	-117.049287
6449 Bell Bluff Ave, San Diego, CA 92119	32.81664	-117.057148
6460 Convoy Ct Space 134, San Diego, CA 92117	32.837097	-117.170144
6460 Convoy Ct Space 284, San Diego, CA 92117	32.837097	-117.170144
6460 Convoy Ct Space 64, San Diego, CA 92117	32.837097	-117.170144
647 59th St, San Diego, CA 92114	32.712066	-117.069663
65 1st Ave, Chula Vista, CA 91910	32.651907	-117.074493
6521 Cowles Mountain Blvd, San Diego, CA 92119	32.801485	-117.02575
6530 College Grove Dr Unit 58, San Diego, CA 92115	32.743299	-117.055939
6541 Clara Lee Ave, San Diego, CA 92120	32.792079	-117.088641
6602 Beadnell Way Unit 14, San Diego, CA 92117	32.82123	-117.17072
6604 Omega Dr, San Diego, CA 92139	32.674656	-117.04476
6623 Reservoir Ct, San Diego, CA 92115	32.770592	-117.05554
6627 Appert Ct, San Diego, CA 92111	32.793529	-117.174938
6642 Bell Bluff Ave, San Diego, CA 92119	32.816356	-117.054649
6658 Mallard St, San Diego, CA 92114	32.730747	-117.053786
6665 Mission Gorge Rd Unit A2, San Diego, CA 92120	32.793864	-117.096483
6665 Mission Gorge Rd Unit C2, San Diego, CA 92120	32.793864	-117.096483
6665 Mission Gorge Rd Unit D18, San Diego, CA 92120	32.793864	-117.096483
6666 Beadnell Way Unit 10, San Diego, CA 92117	32.821268	-117.170721
666 Upas St Unit 1203, San Diego, CA 92103	32.741287	-117.158804
6675 Mission Gorge Rd, San Diego, CA 92120	32.79467	-117.095791
6675 Mission Gorge Rd Unit B-107, San Diego, CA 92120	32.79467	-117.095791
6675 Mission Gorge Rd Unit B203, San Diego, CA 92120	32.79467	-117.095791
6678 Edmonton Ave, San Diego, CA 92122	32.858454	-117.202851
6707 Aviation Dr Lot 156, San Diego, CA 92114	32.703615	-117.053189
6709 Sunny Brae Dr, San Diego, CA 92119	32.798771	-117.04238
6725 Mission Gorge Rd Unit 205b, San Diego, CA 92120	32.795541	-117.094861
6725 Mission Gorge Rd Unit 300b, San Diego, CA 92120	32.795608	-117.094699
6729 Broadway, San Diego, CA 92114	32.71541	-117.051817
6730 Clara Lee Ave, San Diego, CA 92120	32.794793	-117.089252
6738 Salizar St, San Diego, CA 92111	32.813626	-117.170557
6766 Deerwood Ct, San Diego, CA 92120	32.814655	-117.061846
6780 Friars Rd Unit 327, San Diego, CA 92108	32.768561	-117.17413
680 Camino De La Reina Apt 2312, San Diego, CA 92108	32.767643	-117.158769
6811 Alvarado Rd Unit 14, San Diego, CA 92120	32.775813	-117.051994
6816 Hyde Park Dr Unit H, San Diego, CA 92119	32.801482	-117.048251
6823 Amherst St, San Diego, CA 92115	32.767228	-117.050854
6823 Birchwood St, San Diego, CA 92120	32.794798	-117.077007
6852 Deep Valley Rd, San Diego, CA 92120	32.814085	-117.059107
6857 Ridge Manor Ave, San Diego, CA 92120	32.796439	-117.059154
685 Sea Vale St, Chula Vista, CA 91910	32.646756	-117.099195
6875 Clara Lee Ave, San Diego, CA 92120	32.797624	-117.088619
6877 Caminito Mundo Unit 29, San Diego, CA 92119	32.802947	-117.042458
6878 Navajo Rd Unit 3, San Diego, CA 92119	32.803337	-117.047511
6880 Fuji St, San Diego, CA 92139	32.685837	-117.044867
6906 Camino Revueltos, San Diego, CA 92111	32.772115	-117.168487
6924 Hyde Park Dr Unit 113, San Diego, CA 92119	32.801836	-117.046727
6930 Hyde Park Dr Unit 126, San Diego, CA 92119	32.802481	-117.047303
6946 Lisbon St, San Diego, CA 92114	32.712223	-117.048098
6951 Caminito Entrada, San Diego, CA 92119	32.802629	-117.036553
6987 Parkside Ave Apt A, San Diego, CA 92139	32.674568	-117.041337
6992 Mohawk St, San Diego, CA 92115	32.769993	-117.047293
6994 Ballinger Ave, San Diego, CA 92119	32.809852	-117.018925
7003 Saranac St Unit 104, San Diego, CA 92115	32.770533	-117.04671
7003 Saranac St Unit 108, San Diego, CA 92115	32.770533	-117.04671
700 W East St Unit 2105, San Diego, CA 92101	32.71512	-117.169579
7029 Hillsboro St, San Diego, CA 92120	32.80024	-117.075146
702 Rosecrans St, San Diego, CA 92106	32.715328	-117.236966
7037 Appian Dr #b, San Diego, CA 92139	32.6775	-117.037151
706-806, 1106-1206, 1506-1606 Plan, Savina, San Diego, CA 92101	32.719686	-117.169252
7094 Silverwood St, San Diego, CA 92114	32.694018	-117.041313
7113 Blakstad Ct, San Diego, CA 92126	32.912756	-117.168175
7139 Caminito Zabala, San Diego, CA 92122	32.85822	-117.226999
7142 Calabria Ct Unit B, San Diego, CA 92122	32.864604	-117.205477
7150 Shoreline Dr Unit 3202, San Diego, CA 92122	32.863511	-117.199171
717 C Ave, Coronado, CA 92118	32.689147	-117.176057
7190 Tanner Ct, San Diego, CA 92111	32.811751	-117.165591
721 41st St, San Diego, CA 92102	32.712851	-117.106332
7221 Teasdale Ave, San Diego, CA 92122	32.858468	-117.187628
7224 Canyon Hill Ct, San Diego, CA 92126	32.917737	-117.165267
723 Seaside St, Chula Vista, CA 91910	32.644193	-117.099824
7243 Camino Degrazia Unit 59, San Diego, CA 92111	32.773078	-117.166141
7255 Enders Ave, San Diego, CA 92122	32.859448	-117.18749
7274 San Miguel Ave, Lemon Grove, CA 91945	32.735543	-117.041095
7281 Canyon Glen Ct, San Diego, CA 92129	32.958357	-117.161871
7299 Zest St, San Diego, CA 92139	32.690097	-117.037272
730 My Way, San Diego, CA 92154	32.582941	-117.079509
730 San Luis Rey Pl, San Diego, CA 92109	32.761584	-117.251105
7338 Tooma St #242, San Diego, CA 92139	32.683933	-117.033473
734 Bonair St Apt 1, La Jolla, CA 92037	32.831595	-117.273101
7364 Peter Pan Ave, San Diego, CA 92114	32.703243	-117.039984
7366 Mission Trails Dr Unit 104, Santee, CA 92071	32.835118	-117.036827
7373 Westbrook Ave, San Diego, CA 92139	32.68302	-117.029443
7382 Rue Michael, La Jolla, CA 92037	32.843373	-117.251919
7383 Player Dr, San Diego, CA 92119	32.798372	-117.039209
7405 Charmant Dr #2308, San Diego, CA 92122	32.864554	-117.228144
7415 Charmant Dr #2513, San Diego, CA 92122	32.864554	-117.228144
7423 Rowena St, San Diego, CA 92119	32.809725	-117.044236
742 Jewell Dr, San Diego, CA 92113	32.69829	-117.115713
7436 Batista St, San Diego, CA 92111	32.815191	-117.162613
743 Alvin St, San Diego, CA 92114	32.713278	-117.072527
7445 Volclay Dr, San Diego, CA 92119	32.810986	-117.041526
7455 Charmant Dr Unit 1809, San Diego, CA 92122	32.864554	-117.228144
7455 Pepita Way, La Jolla, CA 92037	32.84178	-117.266811
7467 Mission Gorge Rd Space 30, Santee, CA 92071	32.835804	-117.030156
7468 Las Lunas, San Diego, CA 92127	32.990769	-117.165596
7475 Timberwood Pl, San Diego, CA 92139	32.690626	-117.031026
747 Armada Ter, San Diego, CA 92106	32.71643	-117.237493
747 Rosecrans St, San Diego, CA 92106	32.715924	-117.236225
7484 Prairie Mound Way, San Diego, CA 92139	32.692861	-117.033036
7500 Parkway Dr Unit 201, La Mesa, CA 91942	32.774377	-117.036015
7502 Parkway Dr Unit 110, La Mesa, CA 91942	32.774377	-117.036015
750 State St Unit 221, San Diego, CA 92101	32.713133	-117.166986
7541 Milky Way Point, San Diego, CA 92120	32.803541	-117.063547
7549 New Salem St, San Diego, CA 92126	32.915306	-117.159638
754 Glencoe Dr, San Diego, CA 92114	32.712213	-117.030881
7551 Harlan Pl, San Diego, CA 92114	32.717984	-117.035312
7581 San Miguel Ave, Lemon Grove, CA 91945	32.735129	-117.034807
7606 Palmilla Dr Unit 36, San Diego, CA 92122	32.862465	-117.225643
7655 San Miguel Ave, Lemon Grove, CA 91945	32.735141	-117.03371
7671 Mission Gorge Rd Unit 92, San Diego, CA 92120	32.808098	-117.069865
7715 Mount Vernon St, Lemon Grove, CA 91945	32.73164	-117.03206
7730 Brookhaven Rd, San Diego, CA 92114	32.697726	-117.031181
7731 Caminito Liliana, San Diego, CA 92129	32.963982	-117.157545
7760 Margerum Ave Unit 121, San Diego, CA 92120	32.808042	-117.067614
7763 Starling Dr, San Diego, CA 92123	32.792757	-117.155332
7765 Via Solare Unit 6, San Diego, CA 92129	32.962	-117.155999
776 Rosecrans St, San Diego, CA 92106	32.716369	-117.237026
7777 Stylus Dr, San Diego, CA 92108	32.779069	-117.150599
7780 Orien Ave, La Mesa, CA 91941	32.756864	-117.029279
7786 Tyrolean Rd, San Diego, CA 92126	32.926097	-117.154625
7842 Hemphill Dr, San Diego, CA 92126	32.904586	-117.155006
7845 Camino Raposa, San Diego, CA 92122	32.860202	-117.219687
7847 Sendero Angelica, San Diego, CA 92127	32.98776	-117.146136
7855 Camino Noguera, San Diego, CA 92122	32.861271	-117.218617
7878 Entrada Angelica, San Diego, CA 92127	32.98595	-117.148178
7887 Camino Kiosco, San Diego, CA 92122	32.862642	-117.214385
7907 Normal Ave, La Mesa, CA 91941	32.759393	-117.026259
7929 Entrada De Luz E, San Diego, CA 92127	32.989856	-117.144627
7931 Skyline Dr, San Diego, CA 92114	32.702401	-117.030008
7932 Mission Center Ct S #b, San Diego, CA 92108	32.773684	-117.152898
7933 Canyon Slope Pl, San Diego, CA 92120	32.813659	-117.058229
7934 Mission Center Ct Unit B, San Diego, CA 92108	32.773412	-117.151286
7941 Lusardi Creek Ln, San Diego, CA 92127	33.00632	-117.142605
7950 El Capitan Dr, La Mesa, CA 91942	32.767494	-117.026086
7951 Lusardi Creek Ln, San Diego, CA 92127	33.006521	-117.141113
7955 Calico St, San Diego, CA 92126	32.907783	-117.151972
7970 Canary Way, San Diego, CA 92123	32.790968	-117.153137
7976 Purple Sage, San Diego, CA 92127	32.982338	-117.162444
7980 Mission Center Ct Unit F, San Diego, CA 92108	32.773412	-117.151286
7995 Goleta Rd, San Diego, CA 92126	32.913949	-117.149938
7997 Caminito Del Cid, La Jolla, CA 92037	32.851187	-117.251381
801 Whiting Ct, San Diego, CA 92109	32.788112	-117.25322
8036 Linda Vista Rd Apt 1l, San Diego, CA 92111	32.806756	-117.156783
8036 Linda Vista Rd Floor 2, San Diego, CA 92111	32.806756	-117.156783
8091 Kenova St, San Diego, CA 92126	32.909459	-117.149543
812 Bollenbacher St, San Diego, CA 92114	32.714588	-117.074314
8159 Lazy River Rd, San Diego, CA 92127	33.032625	-117.153756
8178 Avenida Navidad Apt 12, San Diego, CA 92122	32.864714	-117.212001
8180 Jade Coast Rd, San Diego, CA 92126	32.902289	-117.147467
819 Tarento Dr, San Diego, CA 92106	32.719929	-117.247661
8254 Bryn Glen Way, San Diego, CA 92129	32.970795	-117.149806
825 Hawaii Ave, San Diego, CA 92154	32.581403	-117.0661
8271 Run Of The Knls, San Diego, CA 92127	32.998156	-117.144494
827 Jersey Ct, San Diego, CA 92109	32.7749	-117.251
827 Kentmere Ter, San Diego, CA 92154	32.581508	-117.029497
8286 Caminito Sonoma, La Jolla, CA 92037	32.854922	-117.23281
8287 Royal Gorge Dr, San Diego, CA 92119	32.817169	-117.053159
8301 Mission Gorge Rd Space 252, Santee, CA 92071	32.83404	-117.016196
8305 Katherine Claire Ln, San Diego, CA 92127	33.01543	-117.147681
8308 Regents Rd Unit 2d, San Diego, CA 92122	32.866211	-117.220867
830 Merlin Dr, San Diego, CA 92114	32.713813	-117.070413
831 Reed Ave, San Diego, CA 92109	32.792631	-117.25342
8328 Regents Rd Unit 2h, San Diego, CA 92122	32.866608	-117.221695
8343 Mono Lake Dr, San Diego, CA 92119	32.798419	-117.017284
8353 Summerdale Rd #a, San Diego, CA 92126	32.918666	-117.142366
8365 Distinctive Dr, San Diego, CA 92108	32.780082	-117.149268
8365 Lake Adlon Dr, San Diego, CA 92119	32.796552	-117.016979
8395 Hudson Dr, San Diego, CA 92119	32.804634	-117.015823
8405 Katherine Claire Ln, San Diego, CA 92127	33.013737	-117.146779
840 Turquoise St Unit 316, San Diego, CA 92109	32.809175	-117.258197
8420 Fanita Dr Apt 15, Santee, CA 92071	32.828819	-117.000863
8429 Hillcrest Ave, La Mesa, CA 91941	32.765521	-117.01474
8431 Kingsland Rd, San Diego, CA 92123	32.786808	-117.150502
845 Fort Stockton Dr Unit 114, San Diego, CA 92103	32.750529	-117.170895
845 Fort Stockton Dr Unit 313, San Diego, CA 92103	32.750529	-117.170895
8465 Entreken Way, San Diego, CA 92129	32.962398	-117.141502
8472 Christopher Ridge Ter, San Diego, CA 92127	33.015237	-117.142403
8488 E Parkbrook St, San Diego, CA 92114	32.70139	-117.021761
8503 Villa La Jolla Dr Apt J, La Jolla, CA 92037	32.863991	-117.235124
8520 Via Mallorca Unit F, La Jolla, CA 92037	32.861905	-117.233838
8539 Via Mallorca, La Jolla, CA 92037	32.861255	-117.23192
8547 Aquarius Dr, San Diego, CA 92126	32.930009	-117.139896
8551 Villa La Jolla Dr Apt A, La Jolla, CA 92037	32.863991	-117.235124
8551 Villa La Jolla Dr Apt H, La Jolla, CA 92037	32.863991	-117.235124
8555 Rumex Ln, San Diego, CA 92129	32.946866	-117.14033
8565 Dortha Ct, Santee, CA 92071	32.830892	-117.010813
8586 Menkar Rd, San Diego, CA 92126	32.934303	-117.139386
8593 Hydra Ln, San Diego, CA 92126	32.92033	-117.138714
8595 Lepus Rd, San Diego, CA 92126	32.929108	-117.138941
8609 Lake Murray Blvd Unit 9, San Diego, CA 92119	32.800144	-117.011888
860 Turquoise St Unit 135, San Diego, CA 92109	32.809175	-117.258197
8614 Lake Jody Dr, San Diego, CA 92119	32.796557	-117.012048
8631 Flanders Dr, San Diego, CA 92126	32.908538	-117.138126
8632 Paseo Ladera, Santee, CA 92071	32.831795	-116.999558
8651 Innsdale Ln, San Diego, CA 92114	32.706428	-117.020539
8686 Frobisher St, San Diego, CA 92126	32.910091	-117.137152
8694 Villa La Jolla Dr Unit 4, La Jolla, CA 92037	32.866827	-117.234647
8703 Lake Murray Blvd Unit 8, San Diego, CA 92119	32.801671	-117.010732
8715 Lake Murray Blvd Unit 1, San Diego, CA 92119	32.801122	-117.010185
8719 Highwood Dr, San Diego, CA 92119	32.810389	-117.010476
8726 Flanders Dr, San Diego, CA 92126	32.909415	-117.136289
8726 Glen Oaks Way, Santee, CA 92071	32.834671	-117.001419
8740 Frobisher St, San Diego, CA 92126	32.910088	-117.135943
8761 Blue Lake Dr, San Diego, CA 92119	32.791508	-117.008548
8765 Our Way, Santee, CA 92071	32.833421	-117.005968
877 Island Ave Unit 413, San Diego, CA 92101	32.710084	-117.156922
877 Island Ave Unit 704, San Diego, CA 92101	32.710084	-117.156922
877 Island Ave Unit 801, San Diego, CA 92101	32.710084	-117.156922
8806 Greyling Pl, San Diego, CA 92123	32.789906	-117.141492
8811 Promenade North Pl, San Diego, CA 92123	32.828474	-117.137051
8870 Villa La Jolla Dr Unit 307, La Jolla, CA 92037	32.869813	-117.235554
8889 Caminito Plaza Centro #7321, San Diego, CA 92122	32.869166	-117.225837
8889 Caminito Plaza Centro Unit 7433, San Diego, CA 92122	32.869166	-117.225837
8922 Heraldry St, San Diego, CA 92123	32.807412	-117.13591
8962 Kobe Pl, San Diego, CA 92123	32.794247	-117.13757
8979 Renato St, San Diego, CA 92129	32.96577	-117.133278
9020 Ronda Ave, San Diego, CA 92123	32.789127	-117.130356
904,1004,1304,1404,1704-2404 Plan, Savina, San Diego, CA 92101	32.719686	-117.169252
9120 Todos Santos Dr, Santee, CA 92071	32.826628	-116.999457
9130 Gramercy Dr Unit 310, San Diego, CA 92123	32.803264	-117.131382
9156 Manor Dr, La Mesa, CA 91942	32.792825	-117.000287
922 Cordova St, San Diego, CA 92107	32.724496	-117.256372
9237 Regents Rd #k401, La Jolla, CA 92037	32.873576	-117.216827
9250 Towne Centre Dr Unit 2, San Diego, CA 92121	32.875511	-117.208206
9253 Regents Rd #a109, La Jolla, CA 92037	32.874477	-117.21731
9253 Regents Rd #a303, La Jolla, CA 92037	32.874477	-117.21731
928 30th St, San Diego, CA 92102	32.715424	-117.129854
9308 Babauta Rd Apt 65, San Diego, CA 92129	32.936214	-117.125722
9312 Twin Trails Dr Unit 105, San Diego, CA 92129	32.956035	-117.127336
9320 Earl St Unit 4, La Mesa, CA 91942	32.787779	-116.995661
935 40th St, San Diego, CA 92102	32.715598	-117.108249
9380 Monona Dr, La Mesa, CA 91942	32.782532	-116.994216
940 Magenta St, San Diego, CA 92113	32.696185	-117.092291
941 W Hawthorn St Apt 1, San Diego, CA 92101	32.725637	-117.170505
9424 Twin Trails Dr Unit 203, San Diego, CA 92129	32.956356	-117.124044
9426 El Tejado Rd, La Mesa, CA 91941	32.765101	-116.994148
9431 Gold Coast Dr Unit F7, San Diego, CA 92126	32.904922	-117.123369
9464 Questa Pointe, San Diego, CA 92126	32.932789	-117.121939
9521 La Jolla Farms Rd, La Jolla, CA 92037	32.878009	-117.244285
9539 Paseo Temporada, San Diego, CA 92129	32.961835	-117.120078
9594 High Park Ln, San Diego, CA 92129	32.959071	-117.117194
9638 Oviedo St, San Diego, CA 92129	32.973622	-117.118713
9683 Claiborne Sq, La Jolla, CA 92037	32.881556	-117.245077
9711 Caminito Doha, San Diego, CA 92131	32.900143	-117.105564
9729 Keeneland Row, La Jolla, CA 92037	32.881673	-117.244231
9751 Claiborne Sq, La Jolla, CA 92037	32.882455	-117.244924
9752 Claiborne Sq, La Jolla, CA 92037	32.882761	-117.245566
975 Archer St, San Diego, CA 92109	32.810971	-117.256492
9869 Caminito Pelon, San Diego, CA 92131	32.904708	-117.078964
988 G St Unit 27, San Diego, CA 92101	32.712829	-117.156027
9929 Erma Rd Unit 104, San Diego, CA 92131	32.918816	-117.112529
9960 Scripps Westview Way Unit 80, San Diego, CA 92131	32.92233	-117.112784
9986 Via Daroca, San Diego, CA 92129	32.965026	-117.115277
9999 Maya Linda Rd Unit 72, San Diego, CA 92126	32.901083	-117.121189
A-1 Plan, Avella At Civita, San Diego, CA 92108	32.781807	-117.144127
A-2 Plan, Avella At Civita, San Diego, CA 92108	32.781807	-117.144127
A-3 Plan, Avella At Civita, San Diego, CA 92108	32.781807	-117.144127
A-4 Plan, Avella At Civita, San Diego, CA 92108	32.781807	-117.144127
Alora Plan, Palomar At Pacific Highlands Ranch, San Diego, CA 92130	32.970869	-117.193103
Bayscene New Home Plan, Bayscene Family Community, Chula Vista, CA 91910	32.642755	-117.098824
Castella Plan, Palomar At Pacific Highlands Ranch, San Diego, CA 92130	32.970869	-117.193103
Clairemont Mesa Blvd, San Diego, CA 92117	32.834677	-117.179357
Concord Ridge Ter, San Diego, CA 92127	33.019641	-117.136876
Crisp Way, San Diego, CA 92117	32.841133	-117.187646
Elvado Way, San Diego, CA 92114	32.706708	-117.04791
Estate 01 Plan, Pacific Gate, San Diego, CA 92101	32.714658	-117.170694
Estate 03 Plan, Pacific Gate, San Diego, CA 92101	32.714658	-117.170694
Gabilan Rd, San Diego, CA 92128	32.961599	-117.088235
Ireland Ln, San Diego, CA 92129	32.959578	-117.144407
Law St, San Diego, CA 92109	32.806604	-117.238305
Lebon Dr, San Diego, CA 92122	32.869011	-117.226042
Lebon Dr, San Diego, CA 92122	32.870188	-117.224432
Lot #13, Plan 4r, The Harlow, San Diego, CA 92108	32.785682	-117.112049
Lot #14, Plan 4, The Harlow, San Diego, CA 92108	32.785727	-117.112162
Lot #16, Plan 3, The Harlow, San Diego, CA 92108	32.78579	-117.11243
Lot #18, Plan 4r, The Harlow, San Diego, CA 92108	32.785867	-117.112661
Lot #19, Plan 4, The Harlow, San Diego, CA 92108	32.785885	-117.112752
Lucida Plan, Palomar At Pacific Highlands Ranch, San Diego, CA 92130	32.970869	-117.193103
Mission Gorge Villa 55+ Community - New Plan, Mission Gorge Villa 55+ Community, Santee, CA 92071	32.835016	-117.011405
Nile St, San Diego, CA 92104	32.743077	-117.119721
Plan 1 Plan, Rancho Milagro At Pacific Highlands Ranch, San Diego, CA 92130	32.965626	-117.183267
Plan 1 Plan, Solmar, San Diego, CA 92154	32.571734	-117.02126
Plan 1 Plan, Vista Del Mar, San Diego, CA 92130	32.966139	-117.201306
Plan 2 Plan, Rancho Milagro At Pacific Highlands Ranch, San Diego, CA 92130	32.965626	-117.183267
Plan 2 Plan, Solmar, San Diego, CA 92154	32.571734	-117.02126
Plan 2 Plan, Vista Del Mar, San Diego, CA 92130	32.966139	-117.201306
Plan 3 Plan, Rancho Milagro At Pacific Highlands Ranch, San Diego, CA 92130	32.965626	-117.183267
Plan 3 Plan, Solmar, San Diego, CA 92154	32.571734	-117.02126
Plan 3 Plan, Vista Del Mar, San Diego, CA 92130	32.966139	-117.201306
Plan 4 Plan, Rancho Milagro At Pacific Highlands Ranch, San Diego, CA 92130	32.965626	-117.183267
Plan 4 Plan, Solmar, San Diego, CA 92154	32.571734	-117.02126
Plan 5 Plan, Solmar, San Diego, CA 92154	32.571734	-117.02126
Residence 10 Plan, Bayside Cove, San Diego, CA 92109	32.7749	-117.251
Residence 11 Plan, Bayside Cove, San Diego, CA 92109	32.7749	-117.251
Residence 12 Plan, Bayside Cove, San Diego, CA 92109	32.7749	-117.251
Residence 1 Plan, Del Sur : Avante, San Diego, CA 92127	33.0184	-117.126
Residence 1 Plan, Pacific Village : The Commons, San Diego, CA 92129	32.974899	-117.091
Residence 1 Plan, Pacific Village : The Pavilion, San Diego, CA 92129	32.974899	-117.091
Residence 1 Plan, Pacific Village : The Promenade, San Diego, CA 92129	32.974899	-117.091
Residence 1 Plan, Santee - Ariana, Santee, CA 92071	32.834609	-117.023623
Residence 1 Plan, Tesoro At Vista Del Sur, San Diego, CA 92154	32.564039	-117.01546
Residence 1 Plan, The Lakes : Sterling Heights, San Diego, CA 92127	33.028399	-117.143
Residence 1x Plan, The Lakes : Sterling Heights, San Diego, CA 92127	33.028399	-117.143
Residence 2 Plan, Del Sur : Avante, San Diego, CA 92127	33.0184	-117.126
Residence 2 Plan, Pacific Village : The Commons, San Diego, CA 92129	32.974899	-117.091
Residence 2 Plan, Pacific Village : The Pavilion, San Diego, CA 92129	32.974899	-117.091
Residence 2 Plan, Pacific Village : The Promenade, San Diego, CA 92129	32.974899	-117.091
Residence 2 Plan, Tesoro At Vista Del Sur, San Diego, CA 92154	32.564039	-117.01546
Residence 2 Plan, The Lakes : Sterling Heights, San Diego, CA 92127	33.028399	-117.143
Residence 3alt Plan, Del Sur : Avante, San Diego, CA 92127	33.0184	-117.126
Residence 3 Plan, Del Sur : Avante, San Diego, CA 92127	33.0184	-117.126
Residence 3 Plan, Pacific Village : The Commons, San Diego, CA 92129	32.974899	-117.091
Residence 3 Plan, Pacific Village : The Pavilion, San Diego, CA 92129	32.974899	-117.091
Residence 3 Plan, Pacific Village : The Promenade, San Diego, CA 92129	32.974899	-117.091
Residence 3 Plan, Santee - Ariana, Santee, CA 92071	32.834609	-117.023623
Residence 3 Plan, Tesoro At Vista Del Sur, San Diego, CA 92154	32.564039	-117.01546
Residence 3 Plan, The Lakes : Sterling Heights, San Diego, CA 92127	33.028399	-117.143
Residence 3xalt Plan, Del Sur : Avante, San Diego, CA 92127	33.0184	-117.126
Residence 3x Plan, Del Sur : Avante, San Diego, CA 92127	33.0184	-117.126
Residence 4 Plan, Bayside Cove, San Diego, CA 92109	32.7749	-117.251
Residence 4 Plan, Del Sur : Avante, San Diego, CA 92127	33.0184	-117.126
Residence 4 Plan, Pacific Village : The Promenade, San Diego, CA 92129	32.974899	-117.091
Residence 5 Plan, Bayside Cove, San Diego, CA 92109	32.7749	-117.251
Residence 5 Plan, The Lakes : Sterling Heights, San Diego, CA 92127	33.028399	-117.143
Residence 6 Plan, Bayside Cove, San Diego, CA 92109	32.7749	-117.251
Residence 7 Plan, Bayside Cove, San Diego, CA 92109	32.7749	-117.251
Residence 7x Plan, Bayside Cove, San Diego, CA 92109	32.7749	-117.251
Residence 7y Plan, Bayside Cove, San Diego, CA 92109	32.7749	-117.251
Residence 8 Plan, Bayside Cove, San Diego, CA 92109	32.7749	-117.251
Roanoke St, San Diego, CA 92139	32.670389	-117.067072
Savenza Plan, Palomar At Pacific Highlands Ranch, San Diego, CA 92130	32.970869	-117.193103
Timely Ter, San Diego, CA 92114	32.703944	-117.050576
(Undisclosed Address), Poway, CA 92064		
(Undisclosed Address), San Diego, CA 92111		
(Undisclosed Address), San Diego, CA 92122		
Varona Plan, Palomar At Pacific Highlands Ranch, San Diego, CA 92130	32.970869	-117.193103
